URN,P8MEA,Year
100003,NP,2016
100001,NP,2016
100053,-0.26,2016
100054,0.32,2016
137333,NP,2016
100084,NP,2016
100052,0.09,2016
100049,-0.11,2016
100059,0.41,2016
100055,0.16,2016
100074,NP,2016
100050,0.18,2016
100051,-0.15,2016
100062,NP,2016
100076,NP,2016
137181,,2016
100065,NP,2016
100056,-0.37,2016
100092,SUPP,2016
100096,NE,2016
134827,NP,2016
100756,NP,2016
100202,NP,2016
137473,-0.35,2016
100182,0.07,2016
140226,NP,2016
138245,,2016
138449,0.36,2016
142608,,2016
100192,-0.7,2016
100183,0.03,2016
141315,NP,2016
134402,NP,2016
100200,NP,2016
100171,,2016
105135,0,2016
141716,0.74,2016
100193,0.44,2016
132777,NP,2016
141309,-0.08,2016
136100,NP,2016
100190,-0.05,2016
139786,-0.11,2016
141163,0.46,2016
138547,-1.41,2016
100204,-2.97,2016
136092,NP,2016
102171,NP,2016
100295,NP,2016
100293,NP,2016
131342,NP,2016
141516,NP,2016
131609,0.24,2016
100285,0.03,2016
135835,1.02,2016
137442,0.25,2016
141737,NP,2016
139595,,2016
100277,0.33,2016
138143,-0.18,2016
134693,0.78,2016
140210,,2016
100282,0.47,2016
100301,NP,2016
131062,0.28,2016
136137,0.39,2016
100279,0.3,2016
132736,NP,2016
100300,NP,2016
100284,-0.13,2016
100287,NP,2016
133599,0.46,2016
100311,NE,2016
100312,SUPP,2016
141029,NP,2016
137808,NP,2016
100307,-1.65,2016
131752,0.23,2016
134735,NP,2016
141135,,2016
139364,-0.19,2016
139365,0.71,2016
100369,NP,2016
136172,-0.05,2016
141617,0.14,2016
138607,0.17,2016
100370,NP,2016
137157,0.47,2016
143129,,2016
100359,-0.41,2016
137935,0.4,2016
100527,NP,2016
100366,NP,2016
136504,NP,2016
136750,0.14,2016
135729,NP,2016
100382,-1.94,2016
100381,NE,2016
131675,NP,2016
135175,-1.68,2016
100378,NE,2016
100379,-1.2,2016
131690,0.31,2016
100458,0.65,2016
135587,0.81,2016
100457,0.41,2016
100455,0.4,2016
100452,-0.35,2016
100453,-0.14,2016
100461,NP,2016
100460,0.2,2016
100459,0.21,2016
134314,0.06,2016
134030,SUPP,2016
100467,SUPP,2016
100469,-1.44,2016
100537,NP,2016
141931,0.43,2016
135531,0.38,2016
100539,NP,2016
100544,NP,2016
100526,NP,2016
140225,NP,2016
140134,0.56,2016
140212,,2016
100547,NP,2016
100540,NP,2016
100521,NP,2016
100511,NP,2016
100502,0.11,2016
100503,0.1,2016
131778,NP,2016
140603,NP,2016
141957,NE,2016
100640,-0.37,2016
135389,0.01,2016
100638,0.67,2016
137954,,2016
100529,NP,2016
137093,-0.12,2016
136288,,2016
129649,-0.2,2016
100637,0.39,2016
134815,0.1,2016
100625,0.51,2016
100642,-0.33,2016
100624,-0.01,2016
139659,SUPP,2016
136450,0.55,2016
100627,0.26,2016
137966,-0.23,2016
142905,,2016
100648,NP,2016
140966,,2016
100590,,2016
100659,-2.17,2016
100654,-1.78,2016
133442,SUPP,2016
100643,-1.5,2016
100748,-0.48,2016
100752,0.4,2016
100742,-0.37,2016
100740,0,2016
100745,-0.4,2016
135073,0.16,2016
135070,-0.43,2016
141018,NP,2016
135901,NP,2016
100747,-0.25,2016
100750,0.25,2016
135843,0.25,2016
100754,NP,2016
135264,0.21,2016
100743,-0.69,2016
100757,NP,2016
100741,0.33,2016
100749,-0.27,2016
100760,-1.59,2016
136423,-1.72,2016
100765,NE,2016
100864,NP,2016
139718,,2016
135584,0.06,2016
135315,-0.01,2016
135401,-0.47,2016
141562,NP,2016
136298,0.32,2016
134222,0.15,2016
139587,,2016
100861,NP,2016
134573,NP,2016
131747,0.19,2016
134225,0.15,2016
135816,0.53,2016
132711,0.93,2016
100863,NP,2016
136309,0.31,2016
100859,0.21,2016
138960,0.8,2016
138961,0.04,2016
100849,0.14,2016
100857,0.91,2016
140221,,2016
131237,NP,2016
100872,-1.57,2016
140138,-3.19,2016
141701,NP,2016
100873,-1.58,2016
141031,NP,2016
100880,NE,2016
138980,NP,2016
137789,0.7,2016
133289,-0.29,2016
100978,0.03,2016
100965,0.17,2016
142879,,2016
100975,0.41,2016
139601,NP,2016
131745,NP,2016
136129,NP,2016
100974,0.3,2016
131388,NP,2016
100966,0.03,2016
134810,NP,2016
141133,,2016
132797,NP,2016
100982,NP,2016
133307,NP,2016
100967,0.14,2016
100968,0.29,2016
100972,0.29,2016
100979,-0.81,2016
100303,NP,2016
100970,0.39,2016
100977,0.28,2016
100969,0.19,2016
100973,0.38,2016
130418,LOWCOV,2016
138202,,2016
100989,SUPP,2016
100986,-2.48,2016
131598,-2.75,2016
100987,SUPP,2016
101090,NP,2016
138267,,2016
138681,0,2016
135316,0.48,2016
139842,0.15,2016
136883,0.04,2016
101071,NP,2016
101053,0.05,2016
137005,0.34,2016
101086,NP,2016
140985,1.14,2016
101064,NP,2016
101072,NP,2016
141808,0.05,2016
135762,-0.21,2016
138682,0.17,2016
132237,NP,2016
101095,SUPP,2016
101175,NP,2016
101103,-2.03,2016
101093,NE,2016
143175,,2016
131594,-2.21,2016
101094,-2.46,2016
101102,NE,2016
136110,NP,2016
134145,NP,2016
135242,1.08,2016
101181,NP,2016
101161,NP,2016
101158,NP,2016
138313,0.48,2016
100536,NP,2016
140884,,2016
130912,0.74,2016
135676,0.33,2016
100541,NP,2016
101157,NP,2016
137646,-0.2,2016
101154,0.48,2016
139369,-0.06,2016
137353,0.44,2016
101172,NP,2016
131262,0.68,2016
138312,-0.37,2016
101162,NP,2016
101182,SUPP,2016
101184,NE,2016
101247,0.3,2016
101241,0.4,2016
136028,0.35,2016
101243,0.04,2016
101244,0.27,2016
140945,-1.16,2016
140962,,2016
142908,,2016
133561,0.19,2016
136746,NP,2016
139791,,2016
101245,0,2016
141683,0.37,2016
141178,-0.08,2016
134388,NP,2016
131102,-1.46,2016
139594,,2016
136308,0.57,2016
131261,NP,2016
140492,NP,2016
101388,NP,2016
101365,0.49,2016
101393,NP,2016
137388,0.38,2016
136418,0.79,2016
138685,0.18,2016
101391,NP,2016
136658,0.06,2016
135072,NP,2016
101362,0.28,2016
101345,-0.12,2016
137539,0.43,2016
137645,0.29,2016
138051,0.55,2016
135747,0.47,2016
101369,NP,2016
134798,0.37,2016
101387,NP,2016
142627,,2016
137386,0.12,2016
101367,NP,2016
134764,NP,2016
101385,NP,2016
137131,0.38,2016
136290,0.7,2016
139410,,2016
101364,0.46,2016
101374,NP,2016
101360,-0.4,2016
101361,0.57,2016
131830,NP,2016
131403,NP,2016
137374,-0.45,2016
137784,NP,2016
131288,NP,2016
137361,-0.13,2016
135507,0.78,2016
136263,NP,2016
101397,NE,2016
101394,-1.69,2016
136334,0.16,2016
136369,0.29,2016
137138,-0.56,2016
137965,0.01,2016
140039,NP,2016
133769,-0.55,2016
137423,0.11,2016
138686,-0.04,2016
136330,-0.36,2016
135951,0.1,2016
135677,0.17,2016
137368,-0.05,2016
137681,0.49,2016
138650,-0.06,2016
137769,0.35,2016
136538,0.32,2016
136720,-0.32,2016
101487,NE,2016
131115,-2.25,2016
138386,NP,2016
101485,-1.52,2016
138610,0.55,2016
101576,NP,2016
135600,0.32,2016
141019,LOWCOV,2016
131059,NP,2016
134226,0.26,2016
136656,0.37,2016
137994,0.21,2016
135973,0.31,2016
101575,NP,2016
133724,0.45,2016
137685,0.35,2016
142329,NP,2016
133448,NP,2016
140862,,2016
101564,-0.05,2016
139319,0.1,2016
138609,0.29,2016
101563,0.45,2016
101578,NP,2016
138457,0.67,2016
135373,NP,2016
101583,NE,2016
140796,-1.51,2016
101680,NP,2016
101683,NP,2016
136466,0.14,2016
101692,NP,2016
136709,0.28,2016
136545,0.14,2016
136467,-0.16,2016
136464,-0.24,2016
136355,0.35,2016
101695,NP,2016
101693,NP,2016
101685,NP,2016
137121,0.7,2016
143427,,2016
137379,0.3,2016
136644,0.45,2016
136281,-0.1,2016
138384,NP,2016
136586,0.41,2016
137006,0.5,2016
130430,-2.6,2016
136551,0.45,2016
138114,-0.13,2016
136517,0.1,2016
136540,-0.03,2016
101676,0.44,2016
134175,NP,2016
136265,NP,2016
141989,,2016
131395,NP,2016
132008,-1.9,2016
101700,-1.19,2016
141697,NP,2016
101697,-1.73,2016
135232,NE,2016
135670,NP,2016
134585,NP,2016
141210,0.19,2016
101811,0.24,2016
101849,-0.34,2016
133528,NP,2016
139811,NP,2016
101823,0.47,2016
101845,NP,2016
137567,NP,2016
142040,0.03,2016
137671,NP,2016
135955,0.04,2016
135249,0.43,2016
139906,0.58,2016
135311,0.42,2016
140952,,2016
130434,LOWCOV,2016
139074,-0.08,2016
137754,0.12,2016
140209,,2016
135654,0.08,2016
135968,0.18,2016
101846,NP,2016
136203,0.15,2016
138178,0.02,2016
101835,NP,2016
101813,-0.17,2016
138221,-0.1,2016
101814,0.45,2016
137772,0.03,2016
101821,0.28,2016
101842,NP,2016
131280,0.1,2016
101837,NP,2016
138187,0.2,2016
101853,-2.93,2016
101851,-1.56,2016
133438,NP,2016
131721,NP,2016
101856,NE,2016
101852,SUPP,2016
131982,NP,2016
101932,-0.24,2016
134369,-0.02,2016
135155,NP,2016
101948,NP,2016
101939,0.33,2016
101934,0.65,2016
101930,0.39,2016
137221,0.33,2016
142654,,2016
133444,NP,2016
101941,0.41,2016
131310,0.36,2016
137729,0.23,2016
101940,0.45,2016
101957,NP,2016
101943,0.1,2016
101954,NP,2016
101946,NP,2016
101947,NP,2016
137546,0.42,2016
101928,0.34,2016
139725,,2016
101965,-1.65,2016
135493,NP,2016
101969,-1.4,2016
135794,NP,2016
101971,NE,2016
101970,-2.17,2016
101953,NP,2016
139815,,2016
136147,-0.12,2016
102052,0.03,2016
102056,0.25,2016
102049,-0.3,2016
102043,0.23,2016
102048,0.12,2016
137094,-0.37,2016
141247,NP,2016
135839,NP,2016
139599,,2016
132256,-0.01,2016
136327,0.29,2016
102055,0.37,2016
102050,0.27,2016
136157,-0.17,2016
134311,0.1,2016
135958,-0.04,2016
102061,NP,2016
134580,NP,2016
102053,0.66,2016
102058,0.19,2016
102065,NP,2016
102047,0.16,2016
102045,-0.09,2016
102068,SUPP,2016
102066,NE,2016
102069,NE,2016
102070,SUPP,2016
102067,-2.55,2016
137531,0.43,2016
102162,NP,2016
141859,NP,2016
102156,0.41,2016
102157,0.23,2016
133386,0.32,2016
140935,,2016
139616,0.42,2016
102163,NP,2016
102154,0.25,2016
102153,0.3,2016
102155,0.25,2016
131757,0.23,2016
139362,LOWCOV,2016
140968,-1.71,2016
137745,0.49,2016
102175,-1.26,2016
135683,NP,2016
102178,NE,2016
135534,NE,2016
102176,NE,2016
138227,,2016
137178,0.7,2016
137199,0.47,2016
137177,0.08,2016
102245,NP,2016
137204,0.42,2016
102247,NP,2016
135334,NP,2016
102257,NP,2016
137028,0.35,2016
137075,0.06,2016
142864,,2016
135687,NP,2016
134891,NP,2016
137198,0.02,2016
102243,0.48,2016
138458,0.14,2016
141071,,2016
102239,0.63,2016
133317,SUPP,2016
102260,-2.1,2016
136663,-0.27,2016
137189,-0.59,2016
139307,-0.47,2016
136576,-0.08,2016
137040,0.07,2016
140300,-0.16,2016
136600,0.1,2016
136090,-0.21,2016
137414,-0.47,2016
138326,-0.1,2016
102344,-0.35,2016
137197,-0.01,2016
143428,,2016
102360,NP,2016
102345,-0.08,2016
102358,NP,2016
137396,0.43,2016
102343,-0.42,2016
137233,0.43,2016
137145,-0.08,2016
102341,-0.14,2016
102362,NE,2016
142050,NE,2016
102364,SUPP,2016
102449,-0.13,2016
137844,-0.01,2016
137407,0.38,2016
137633,0.17,2016
141035,0.22,2016
137925,0,2016
136329,0.34,2016
135004,-0.89,2016
102451,0.2,2016
136519,0.06,2016
140941,0.22,2016
137078,0.38,2016
102452,NP,2016
137829,0.36,2016
138368,-1.14,2016
136711,0.58,2016
137077,0.27,2016
140748,0.22,2016
102453,NP,2016
134797,-0.68,2016
136631,0.44,2016
136768,-0.38,2016
137635,0.44,2016
131940,NP,2016
102462,NE,2016
138158,NE,2016
102464,NE,2016
141382,-3.02,2016
102551,NP,2016
139095,0.2,2016
137907,-0.12,2016
136522,0.42,2016
101964,NP,2016
137618,0.06,2016
139989,0.5,2016
137928,0.44,2016
102545,0.56,2016
102539,0.66,2016
138924,0.47,2016
137940,0.17,2016
140066,NP,2016
139276,-0.09,2016
136341,0.52,2016
142781,,2016
139720,,2016
135090,NP,2016
138266,,2016
137009,0.2,2016
137995,0.75,2016
138771,NP,2016
142126,,2016
130447,LOWCOV,2016
102554,-2.02,2016
102555,SUPP,2016
136740,NP,2016
102620,NP,2016
102599,0.36,2016
137859,-0.02,2016
137848,0.49,2016
137678,0.22,2016
138459,0.55,2016
141862,,2016
102619,NP,2016
137299,0.39,2016
137917,0.23,2016
102611,NP,2016
136615,0.72,2016
136910,0.65,2016
137060,0.28,2016
102621,SUPP,2016
102623,SUPP,2016
102622,-1.77,2016
131897,0.55,2016
138495,0.67,2016
140496,NP,2016
102684,NP,2016
102674,-0.14,2016
102673,0.39,2016
136678,NP,2016
102679,0.36,2016
134003,-0.27,2016
102683,0.76,2016
102681,0.1,2016
102692,NP,2016
102694,NP,2016
102699,NE,2016
140421,NP,2016
102697,-2.08,2016
102698,NE,2016
134417,NP,2016
136669,0.71,2016
139703,0.4,2016
102783,-0.38,2016
139834,SUPP,2016
102784,0.02,2016
102775,0.81,2016
132058,0.02,2016
140373,0.07,2016
102778,0.47,2016
102776,0.18,2016
135091,NP,2016
142903,,2016
141519,NP,2016
141082,,2016
102782,0.52,2016
134627,NP,2016
102777,0.32,2016
131929,-0.09,2016
102786,0.17,2016
102787,0.05,2016
102785,0.42,2016
138196,,2016
136978,0.17,2016
136052,NP,2016
102793,-2.52,2016
141255,SUPP,2016
138518,,2016
142896,,2016
102875,NP,2016
140575,0.13,2016
102849,0.14,2016
136267,0.45,2016
102868,NP,2016
137692,0.18,2016
102850,0.18,2016
102876,NP,2016
102861,0.54,2016
140475,0.47,2016
102858,0.24,2016
133405,-0.02,2016
137088,0.14,2016
102873,NP,2016
102856,0.42,2016
102860,0.27,2016
137418,0.43,2016
102857,0.62,2016
102851,0.5,2016
102854,-0.01,2016
102852,0.73,2016
102878,-1.25,2016
102879,-2.08,2016
130899,SUPP,2016
102929,0.26,2016
138825,0.29,2016
136103,-0.58,2016
133443,NP,2016
102946,NP,2016
102950,NP,2016
102932,NP,2016
138651,0.15,2016
137018,NP,2016
136208,-0.55,2016
102947,NP,2016
102936,NP,2016
102942,NP,2016
139121,,2016
138460,0.22,2016
141963,,2016
136104,-0.19,2016
138461,0.67,2016
102952,-1.41,2016
102954,SUPP,2016
136799,-0.28,2016
136797,0.12,2016
136785,-0.12,2016
134887,NP,2016
136914,0.43,2016
136800,-0.02,2016
103009,0.11,2016
136795,0.73,2016
136756,-0.29,2016
103013,0.51,2016
103003,-0.06,2016
136787,0.18,2016
103022,NP,2016
136798,0.66,2016
136789,0.7,2016
136621,0.58,2016
139722,-1.56,2016
135801,NP,2016
133742,-1.35,2016
103025,NE,2016
137507,-3.6,2016
141411,NP,2016
103080,0.59,2016
138691,0.21,2016
139293,0.59,2016
140957,,2016
103110,NP,2016
103094,0.04,2016
103096,0.53,2016
103097,0.14,2016
137558,0.12,2016
103106,0.09,2016
103105,0.49,2016
133287,0.49,2016
132848,NP,2016
103101,0.15,2016
103098,0.28,2016
103112,NP,2016
138859,-0.16,2016
132727,0.21,2016
103103,0.63,2016
103100,0.31,2016
131697,-3.14,2016
138454,NE,2016
140197,-1.38,2016
140795,-1.56,2016
103599,NP,2016
103595,NP,2016
134034,NP,2016
103592,NP,2016
136063,NP,2016
133306,0.6,2016
136037,NP,2016
103541,-0.09,2016
135406,NP,2016
140014,-0.06,2016
137578,0.3,2016
135970,0.76,2016
138136,0.22,2016
136882,0.68,2016
138222,-0.41,2016
140382,NP,2016
103529,0.06,2016
136589,-0.21,2016
139738,-0.88,2016
103591,NP,2016
136944,0,2016
103560,0.35,2016
137988,0.1,2016
140524,0.09,2016
103493,0.14,2016
141318,-0.06,2016
139841,-0.19,2016
103539,-0.13,2016
137819,NP,2016
103513,-0.19,2016
103563,-0.22,2016
103494,-0.24,2016
103586,NP,2016
141969,,2016
103567,NP,2016
134908,NP,2016
143413,,2016
136908,0.12,2016
135561,NP,2016
139047,0.43,2016
135422,NP,2016
138695,0.22,2016
103550,-0.34,2016
135688,NP,2016
139048,-0.17,2016
137858,0.01,2016
139746,0.11,2016
103549,0.22,2016
138937,-0.23,2016
136213,-0.15,2016
136123,NP,2016
135907,0.22,2016
103576,NP,2016
137346,0.06,2016
103503,-0.28,2016
103483,-0.05,2016
103509,0.06,2016
103538,0.01,2016
137034,0.3,2016
103518,-0.35,2016
134571,NP,2016
103522,-0.15,2016
141242,NP,2016
137043,0.25,2016
137045,0.58,2016
137044,0.37,2016
137046,0.38,2016
137047,0.31,2016
103585,NP,2016
136152,0.31,2016
103584,NP,2016
141943,,2016
103486,0.07,2016
103562,0.1,2016
136590,0.43,2016
103526,-0.3,2016
139157,-0.6,2016
136592,0.54,2016
103587,NP,2016
103519,0.09,2016
136406,-0.14,2016
138586,,2016
136032,-0.26,2016
142115,NP,2016
138200,,2016
139797,,2016
141003,,2016
138141,0.39,2016
141752,,2016
137053,-0.28,2016
103566,NP,2016
103497,0.27,2016
137560,NP,2016
142338,NP,2016
138059,0.1,2016
103537,-0.07,2016
103564,NP,2016
103534,-0.01,2016
103531,0.51,2016
141835,-0.42,2016
141668,0.34,2016
103498,0.46,2016
135911,-0.23,2016
103548,-0.27,2016
134403,NP,2016
103258,,2016
138137,0.1,2016
136778,0.4,2016
103514,0.34,2016
139962,NP,2016
103500,0.09,2016
103499,0.42,2016
140863,,2016
139888,0.15,2016
142219,-0.23,2016
139788,-0.61,2016
103501,0.44,2016
131164,NP,2016
139994,-0.03,2016
103606,-1.3,2016
136513,NP,2016
103611,-1.44,2016
141252,-1.4,2016
103625,NE,2016
103610,-1.84,2016
103609,-2.72,2016
103632,-2.28,2016
103619,NE,2016
103628,NE,2016
135898,NP,2016
103614,SUPP,2016
103616,-1.32,2016
139706,NP,2016
135208,NP,2016
103613,-1.56,2016
138971,NP,2016
134982,NP,2016
103605,NE,2016
132743,NP,2016
103601,NE,2016
138281,-1.07,2016
103751,NP,2016
103727,-0.2,2016
103742,0.39,2016
137272,0.28,2016
139292,0.04,2016
103743,-0.06,2016
141992,-0.24,2016
138023,0.07,2016
140958,,2016
140366,-0.56,2016
141939,,2016
136963,0.1,2016
103732,-0.19,2016
135335,-0.67,2016
103750,NP,2016
103733,-0.34,2016
103747,NP,2016
140248,0.65,2016
141104,,2016
136126,0.6,2016
103728,-0.06,2016
137209,-0.01,2016
137225,-0.02,2016
136840,0.16,2016
140961,-0.57,2016
137165,-0.55,2016
103765,NE,2016
134533,-1.35,2016
141376,-1.67,2016
103760,NE,2016
131574,-1.78,2016
140126,0.05,2016
137571,NP,2016
103867,-0.42,2016
103857,-0.72,2016
141325,-0.03,2016
103855,-0.14,2016
137812,-0.04,2016
141570,-0.08,2016
103876,NP,2016
137705,-0.44,2016
103863,-0.36,2016
137390,-0.48,2016
137773,0.1,2016
103861,-0.13,2016
134458,NP,2016
103870,0.43,2016
103859,-0.34,2016
139872,0.05,2016
141712,-0.18,2016
103854,-0.38,2016
103853,-0.69,2016
136618,0.14,2016
103858,-0.2,2016
103878,-1.31,2016
103881,SUPP,2016
103880,SUPP,2016
103883,SUPP,2016
103882,-0.93,2016
103877,-1.16,2016
139328,-0.85,2016
139043,-0.05,2016
135234,0,2016
141813,,2016
104018,0.02,2016
135792,NP,2016
137701,-0.46,2016
137673,0,2016
135979,0.04,2016
104012,-0.35,2016
136091,-0.09,2016
135449,-0.2,2016
141698,,2016
135599,-0.87,2016
104019,-0.06,2016
134993,-0.28,2016
135170,0.3,2016
104020,-0.46,2016
139918,-0.98,2016
136616,-0.01,2016
135518,NP,2016
132231,NE,2016
104024,SUPP,2016
132233,-1.65,2016
136994,0.32,2016
136333,0.28,2016
135684,-0.67,2016
129342,-0.05,2016
136909,-0.16,2016
136347,-0.06,2016
137007,0,2016
137231,-0.25,2016
137008,-0.19,2016
142075,-0.33,2016
135971,-0.03,2016
104123,NP,2016
104119,0.08,2016
104118,-0.37,2016
104124,NP,2016
136310,0.58,2016
142900,,2016
104132,-1.9,2016
104130,-1.32,2016
135453,NP,2016
104133,SUPP,2016
141171,-2.8,2016
104131,NE,2016
135483,NP,2016
132750,NP,2016
137974,-0.03,2016
136885,0.11,2016
137274,-1.36,2016
138606,-0.01,2016
104248,-0.23,2016
130323,NP,2016
135956,-0.04,2016
104266,NP,2016
137830,-0.11,2016
135769,-0.63,2016
104267,NP,2016
104251,-0.03,2016
136773,0.5,2016
136777,0.25,2016
104255,-0.15,2016
104259,-0.27,2016
136620,-0.23,2016
137707,-0.11,2016
133697,0.14,2016
139789,-1.34,2016
138374,-0.53,2016
137706,-0.66,2016
104269,NE,2016
135461,-2.94,2016
104271,-1.32,2016
104272,NE,2016
139138,0.44,2016
142080,,2016
104395,-0.22,2016
104390,-0.33,2016
137730,0.4,2016
104386,0.39,2016
131547,-0.91,2016
104397,-0.62,2016
138098,0.53,2016
136182,-0.6,2016
141802,-0.31,2016
104405,NP,2016
139891,0.02,2016
138852,-0.09,2016
104387,-0.83,2016
140586,0.13,2016
135983,-0.03,2016
104407,NP,2016
141245,-0.52,2016
140160,,2016
140798,0.41,2016
104411,NP,2016
104415,SUPP,2016
134261,-2.01,2016
142086,,2016
104412,-1.63,2016
104417,SUPP,2016
104414,NE,2016
104413,-1.74,2016
135479,-1.06,2016
139614,-0.76,2016
140001,-0.75,2016
140412,-0.63,2016
135477,-1.07,2016
135481,-0.75,2016
104498,-2.31,2016
104495,NE,2016
141033,SUPP,2016
136752,NP,2016
101857,-0.74,2016
104693,-0.62,2016
104717,-0.43,2016
104705,-0.02,2016
138878,NP,2016
132119,NP,2016
138183,0,2016
135174,0.17,2016
137916,0.32,2016
104696,-0.57,2016
104713,-0.3,2016
104698,-0.39,2016
104714,-0.22,2016
138787,-0.55,2016
104730,NP,2016
136409,-0.53,2016
136119,-0.92,2016
104692,-0.78,2016
140042,NP,2016
104700,-0.58,2016
104688,-0.49,2016
104703,0.56,2016
137675,-1,2016
139686,-0.35,2016
104722,NP,2016
139588,-0.29,2016
131065,-0.09,2016
104706,-0.32,2016
136735,0.05,2016
138463,-0.22,2016
104721,-0.12,2016
104715,-0.03,2016
104712,-0.28,2016
138850,-0.46,2016
142128,,2016
139589,-0.29,2016
138696,-0.09,2016
104736,-1.92,2016
133441,-1.45,2016
134658,-2.03,2016
104742,-2.26,2016
133309,NP,2016
104748,NE,2016
104749,NE,2016
104735,SUPP,2016
104734,SUPP,2016
130961,-2.29,2016
104739,-1.68,2016
104829,-0.44,2016
104834,-0.17,2016
104827,-0.75,2016
136421,-0.39,2016
104826,0,2016
104830,0.01,2016
104833,-0.14,2016
104835,-0.27,2016
130488,-0.81,2016
136141,-0.57,2016
104837,NP,2016
134865,-1.55,2016
131022,NE,2016
104839,NP,2016
104843,-3.35,2016
134888,SUPP,2016
137297,0.11,2016
137514,-0.05,2016
104964,-0.35,2016
137533,-0.07,2016
137436,-0.02,2016
137604,0.4,2016
138260,-0.53,2016
141693,-0.42,2016
104962,0.02,2016
130490,-2.62,2016
141694,-0.18,2016
137520,-0.87,2016
104960,-0.29,2016
104956,0.4,2016
104973,NP,2016
104974,NP,2016
137612,0.15,2016
104961,-0.41,2016
104963,-1.09,2016
104972,NP,2016
141338,-0.16,2016
104959,-0.34,2016
104944,-0.13,2016
104966,NP,2016
104975,NP,2016
104980,-1.43,2016
104979,NE,2016
104982,-2.59,2016
136088,NP,2016
133748,SUPP,2016
104977,-1.3,2016
104983,NE,2016
105106,-0.62,2016
135877,0.44,2016
136411,-0.36,2016
105123,NP,2016
139144,0.36,2016
138355,-0.31,2016
105121,NP,2016
141131,-0.97,2016
105103,0.06,2016
136895,-0.3,2016
105101,-0.01,2016
137130,0.09,2016
105097,-0.68,2016
136780,-0.24,2016
139031,0.45,2016
105110,-0.62,2016
105107,-0.08,2016
137929,0.32,2016
137815,0.19,2016
137243,0.47,2016
137476,0.22,2016
137171,0.42,2016
138853,0.04,2016
105129,-0.81,2016
105131,NE,2016
105130,-2.72,2016
105133,NE,2016
127715,-2.17,2016
105137,-1.69,2016
130285,NP,2016
138498,NP,2016
135096,0.75,2016
135981,-0.82,2016
105271,NP,2016
105272,NP,2016
141941,,2016
105267,-0.1,2016
140959,,2016
135770,-0.13,2016
105257,-0.49,2016
136135,-1.09,2016
134646,-0.04,2016
105256,-0.35,2016
105269,NP,2016
133285,NP,2016
105263,-0.16,2016
105261,-0.24,2016
105266,0.06,2016
105262,-0.13,2016
105259,-0.02,2016
140500,-0.48,2016
105264,0.41,2016
105253,-0.4,2016
105252,-0.19,2016
105280,SUPP,2016
105278,NE,2016
142766,,2016
131692,-2.55,2016
105277,-1.29,2016
105276,-0.57,2016
105364,-0.7,2016
105365,-0.01,2016
105373,NP,2016
105374,NP,2016
105363,-0.08,2016
105372,NP,2016
105355,0.25,2016
105354,0.28,2016
134195,0.61,2016
105358,0.14,2016
105360,-0.05,2016
105362,-0.02,2016
105367,-0.2,2016
105366,-0.03,2016
105357,-0.32,2016
105361,-0.01,2016
140205,NP,2016
105378,-1.46,2016
105601,NP,2016
105560,0.52,2016
105581,-0.22,2016
140703,0.15,2016
138097,-0.87,2016
105588,NP,2016
139148,0.16,2016
136174,0.14,2016
141884,,2016
136089,-0.56,2016
131015,NP,2016
141680,NP,2016
131979,NP,2016
137309,0.1,2016
141196,0.49,2016
105574,-0.16,2016
134224,0.15,2016
136105,-0.08,2016
142762,,2016
135905,-0.15,2016
141107,-2.2,2016
135874,-0.31,2016
105591,NP,2016
135875,-0.22,2016
105592,NP,2016
130318,NP,2016
135948,NP,2016
142224,NP,2016
136264,NP,2016
137887,NP,2016
141392,-0.48,2016
105576,-0.13,2016
105556,0.31,2016
105594,NP,2016
105577,-0.39,2016
139456,-0.33,2016
131880,0.2,2016
136242,NP,2016
137801,0.16,2016
141264,0.26,2016
135296,0.04,2016
105595,NP,2016
105564,0.3,2016
105604,-2.09,2016
130386,NP,2016
105622,NE,2016
105608,SUPP,2016
105614,-2.91,2016
138532,NE,2016
132905,NE,2016
142893,,2016
141805,NE,2016
105623,-1.34,2016
136432,-0.14,2016
137133,0.33,2016
139970,,2016
137294,-0.07,2016
138568,NP,2016
105735,-0.72,2016
140542,-2.51,2016
137039,0.27,2016
141248,-0.15,2016
136027,-1.21,2016
136115,0.33,2016
105745,NP,2016
105738,-0.18,2016
105734,-0.53,2016
105736,-0.04,2016
136148,-0.78,2016
137822,NP,2016
105748,NP,2016
131751,NP,2016
138697,-1.89,2016
133368,-3.26,2016
105855,NP,2016
105844,-0.13,2016
105837,0.03,2016
140091,0.1,2016
131726,0.13,2016
135795,0.17,2016
105839,-0.17,2016
105842,0.27,2016
105840,-0.06,2016
134575,NP,2016
135313,-0.38,2016
105845,-0.31,2016
105834,-0.26,2016
140055,-0.02,2016
105861,-2.89,2016
131379,NP,2016
135753,NP,2016
136257,NP,2016
135202,NE,2016
140036,NP,2016
138418,-0.58,2016
131512,0,2016
135168,NP,2016
136086,NP,2016
138698,0.42,2016
105996,NP,2016
105992,NP,2016
105974,-0.43,2016
105982,0.14,2016
133351,-0.22,2016
105976,-0.94,2016
141968,NP,2016
105977,-0.26,2016
135661,-0.11,2016
106004,NP,2016
105989,-0.07,2016
105986,0.25,2016
135071,-0.42,2016
136987,-0.21,2016
142010,SUPP,2016
105975,-0.37,2016
106010,NE,2016
106011,-2.73,2016
138130,-1.6,2016
106139,-0.14,2016
137843,0.5,2016
106157,NP,2016
134493,NP,2016
106143,-0.26,2016
137923,0.29,2016
106151,NP,2016
106141,-0.15,2016
106138,0.12,2016
135526,NP,2016
106133,0.2,2016
137885,0.05,2016
106144,-0.59,2016
106142,0.4,2016
135262,0.3,2016
106156,NP,2016
106135,0.26,2016
106136,-0.6,2016
131551,NP,2016
106162,NP,2016
106172,-1.33,2016
106173,NE,2016
134064,-3.45,2016
106150,NP,2016
106166,SUPP,2016
142225,NP,2016
131889,-2.92,2016
134283,0.17,2016
139735,-0.54,2016
106269,-0.37,2016
136273,0.03,2016
139294,-0.31,2016
135122,-0.03,2016
135864,-0.13,2016
136593,0.05,2016
106268,-0.02,2016
106267,-0.12,2016
106266,-0.18,2016
135508,-0.52,2016
106270,0.06,2016
106271,-0.09,2016
106276,NP,2016
137020,0.21,2016
106279,NE,2016
130913,NP,2016
106280,-1.81,2016
134469,NP,2016
138614,-0.08,2016
136458,0.38,2016
137289,0.45,2016
138123,0.08,2016
106376,0.54,2016
138124,-0.14,2016
136965,-0.05,2016
138464,0.47,2016
106365,-0.83,2016
106380,NP,2016
138134,0.34,2016
106372,-0.7,2016
136498,0.38,2016
106375,0.15,2016
106368,0.28,2016
106370,-0.28,2016
136297,0.12,2016
136378,-0.38,2016
136377,0.15,2016
106391,NE,2016
131885,-3.03,2016
136239,NP,2016
130943,-1.85,2016
106167,-2.46,2016
137210,-0.43,2016
138233,,2016
106523,-0.2,2016
138699,-0.23,2016
106521,-0.54,2016
106534,-0.23,2016
137448,-0.06,2016
106525,0.03,2016
138110,0.22,2016
106528,-0.23,2016
137783,-0.14,2016
141746,-0.2,2016
106540,0.15,2016
106535,0.02,2016
106538,0.12,2016
106537,0.19,2016
106529,-0.06,2016
106531,0.37,2016
106524,-0.46,2016
138229,,2016
135557,NP,2016
106543,-1.54,2016
134297,SUPP,2016
135199,-1.59,2016
131530,-1.34,2016
137821,NP,2016
131749,-0.56,2016
135892,0.14,2016
106651,-0.27,2016
106656,-0.39,2016
135896,-0.16,2016
106659,NP,2016
136404,0.1,2016
140979,-0.41,2016
136403,-0.9,2016
139210,,2016
139211,0.01,2016
106653,0.09,2016
135376,NP,2016
141704,NE,2016
106965,NP,2016
141563,-0.94,2016
138314,-0.17,2016
137066,-0.68,2016
140177,-1.11,2016
138116,-0.07,2016
137524,-0.06,2016
135942,-0.1,2016
137472,-0.12,2016
137842,-0.03,2016
136672,0.02,2016
106812,NP,2016
137899,0.36,2016
140865,-0.07,2016
141354,-1.15,2016
135963,0.18,2016
137603,-0.18,2016
136675,0.4,2016
139301,-0.68,2016
135007,-0.22,2016
140964,,2016
135546,SUPP,2016
106817,NP,2016
135544,SUPP,2016
140816,NP,2016
135548,NE,2016
135545,NE,2016
135547,NE,2016
106814,NP,2016
136718,0.04,2016
136301,-0.14,2016
106947,-0.1,2016
141730,-0.39,2016
134466,NP,2016
136042,0.09,2016
140459,-0.14,2016
140553,0.24,2016
138329,0.11,2016
106962,-0.19,2016
106959,0.06,2016
140254,0.16,2016
136331,0.01,2016
106954,-0.06,2016
140646,0.54,2016
139992,0.5,2016
106950,0.35,2016
142768,,2016
106967,-1.51,2016
106972,SUPP,2016
106968,SUPP,2016
106969,-2.03,2016
106966,NE,2016
106970,-1.81,2016
134574,NP,2016
138337,0.01,2016
131122,NP,2016
140479,NP,2016
107168,NP,2016
107163,NP,2016
107146,-0.22,2016
139101,-0.18,2016
138414,-0.58,2016
140809,-0.19,2016
138925,-0.17,2016
139334,0.02,2016
140547,0.05,2016
107167,NP,2016
141495,0.53,2016
107139,-0.02,2016
139856,0.39,2016
138841,0.48,2016
107140,-0.03,2016
138545,0.03,2016
140821,0.33,2016
138361,0.31,2016
137568,NP,2016
140394,,2016
140415,0.3,2016
135934,0.33,2016
107166,NP,2016
131895,0.93,2016
131896,-0.27,2016
139167,0.48,2016
107143,-0.36,2016
138069,0.48,2016
139695,-0.73,2016
142605,,2016
107162,NP,2016
107135,-0.22,2016
137400,-0.34,2016
107169,-2.06,2016
136936,NP,2016
126705,-2.13,2016
126712,-1.95,2016
135287,-1.52,2016
107178,-1.46,2016
134429,NP,2016
135865,-0.45,2016
139975,-0.02,2016
142031,-0.18,2016
138087,0.37,2016
107439,0.13,2016
135367,-0.18,2016
107461,NP,2016
140429,,2016
140204,0.04,2016
107455,NP,2016
138566,-2.09,2016
142825,,2016
107350,-0.36,2016
107413,0.24,2016
134140,NP,2016
135866,-0.2,2016
130909,0.09,2016
137277,0.47,2016
141002,,2016
138251,,2016
134386,NP,2016
136189,NP,2016
136962,0.64,2016
134587,NP,2016
139982,-0.63,2016
107440,-0.87,2016
107428,-0.08,2016
136905,0.3,2016
132219,0.47,2016
107460,NP,2016
107443,-0.33,2016
142681,,2016
138244,NP,2016
107441,-0.44,2016
143112,,2016
139995,-0.19,2016
130245,NP,2016
139474,,2016
132217,-0.1,2016
143113,,2016
107391,-0.24,2016
140569,0.06,2016
137576,-0.18,2016
107442,-0.62,2016
107395,-0.01,2016
134427,NP,2016
107366,-0.7,2016
136198,-0.01,2016
135229,NE,2016
139977,NE,2016
135861,NE,2016
140566,NP,2016
138099,-0.08,2016
141604,NP,2016
139978,NE,2016
141603,NP,2016
136604,-0.06,2016
137521,-0.1,2016
107562,0.35,2016
139182,0.14,2016
107585,NP,2016
140326,0.11,2016
137036,-0.42,2016
136788,-0.04,2016
107561,-1.13,2016
137444,0.04,2016
107586,NP,2016
107583,NP,2016
141307,0.03,2016
107563,0.04,2016
107564,0.2,2016
136094,0.31,2016
131960,NP,2016
138441,NP,2016
107588,NE,2016
107589,SUPP,2016
107782,0.06,2016
107758,-0.43,2016
137424,0.48,2016
137487,-0.19,2016
138111,0.34,2016
132732,NP,2016
137399,-0.25,2016
140660,-0.52,2016
131714,NP,2016
136283,0.26,2016
107769,0.03,2016
107763,0,2016
107786,NP,2016
107791,NP,2016
107793,NP,2016
138706,0.06,2016
107794,NP,2016
139076,-0.22,2016
136674,-0.41,2016
137500,0.06,2016
107756,0.15,2016
107761,-0.51,2016
136502,0.27,2016
107755,-0.41,2016
141470,-0.5,2016
137869,-0.07,2016
137352,0.17,2016
107778,-0.02,2016
138959,-0.25,2016
142406,,2016
107767,0.11,2016
107775,-0.22,2016
107780,-0.01,2016
107792,NP,2016
134689,NE,2016
107802,NE,2016
107796,SUPP,2016
107797,-1.55,2016
107801,-1.6,2016
107804,-3,2016
107799,-1.67,2016
137083,0.05,2016
108058,-0.37,2016
108057,0.47,2016
108083,-0.07,2016
108091,-0.14,2016
108090,0.02,2016
142056,0.07,2016
108095,-0.15,2016
108059,0.13,2016
108065,0.38,2016
137065,-0.07,2016
108096,-0.22,2016
138304,-0.01,2016
131898,-0.77,2016
137577,0.56,2016
108117,NP,2016
136343,0.26,2016
108104,NP,2016
108113,NP,2016
108085,0.05,2016
137775,0.06,2016
139282,-0.13,2016
108055,-0.44,2016
139646,LOWCOV,2016
135771,-1.57,2016
136826,-0.74,2016
139773,,2016
135935,-0.37,2016
136392,0.41,2016
108097,-0.24,2016
130274,NP,2016
137704,0.22,2016
108087,-0.27,2016
108079,-0.29,2016
108075,0.12,2016
138336,0.54,2016
108076,0.09,2016
108081,-0.18,2016
140565,,2016
139351,0.11,2016
135969,-0.69,2016
139054,-0.72,2016
141883,,2016
108064,-0.08,2016
142604,,2016
108088,-0.38,2016
108114,NP,2016
137383,0.37,2016
108123,NE,2016
139733,NP,2016
108129,-2.89,2016
108119,-1.68,2016
134885,-1.9,2016
108120,SUPP,2016
142630,,2016
108133,NE,2016
134884,-1.44,2016
108300,NP,2016
136613,0.36,2016
139501,-0.09,2016
136633,0.52,2016
137764,0.09,2016
137001,-0.06,2016
138006,0.29,2016
138593,0.17,2016
137655,-0.07,2016
139335,-0.14,2016
138707,0.01,2016
108271,-0.07,2016
139500,0.13,2016
137011,0.13,2016
136462,-0.2,2016
135961,0.29,2016
108306,NP,2016
138950,0.33,2016
138951,0.07,2016
108303,NP,2016
136394,-0.01,2016
108305,NP,2016
108307,NP,2016
131136,NP,2016
131526,-2.49,2016
108311,-1.68,2016
135216,NP,2016
133719,NE,2016
138118,NP,2016
137852,0.23,2016
108420,0.52,2016
108414,NP,2016
108407,-0.55,2016
137898,-0.31,2016
108410,-0.32,2016
137942,-0.21,2016
137851,0.04,2016
140035,-0.61,2016
141185,-0.19,2016
137360,0.08,2016
138652,-2.35,2016
131200,NE,2016
108426,-2.66,2016
130942,-2.12,2016
136258,NP,2016
108526,-0.1,2016
108547,NP,2016
140976,-0.8,2016
135423,0.42,2016
136352,0.41,2016
108531,-0.24,2016
138120,-0.39,2016
130552,-1.65,2016
108538,NP,2016
108544,NP,2016
108549,NP,2016
137708,0.34,2016
137900,0.46,2016
140081,0.43,2016
140965,-0.56,2016
142673,,2016
108524,-0.69,2016
108525,-0.14,2016
108542,NP,2016
108551,NE,2016
131987,NE,2016
133779,-3.75,2016
131988,NE,2016
141865,-2.64,2016
108640,-0.39,2016
108641,0.46,2016
108639,-0.27,2016
108644,-0.01,2016
139658,0.21,2016
108645,-0.23,2016
108627,0.31,2016
108642,-0.02,2016
108628,0.03,2016
137734,0.01,2016
108647,-0.5,2016
108638,0.22,2016
131544,NE,2016
135001,NP,2016
108657,NE,2016
133432,-2.77,2016
108653,-1.79,2016
108652,SUPP,2016
108730,-0.51,2016
108726,0.02,2016
108731,0.06,2016
133725,-0.34,2016
108727,-0.24,2016
139878,-0.15,2016
108736,0.21,2016
131756,-0.56,2016
136386,0.37,2016
108738,-1.32,2016
108741,-2.14,2016
136252,NE,2016
134813,-2.69,2016
135622,-0.76,2016
108873,NP,2016
139839,-0.06,2016
135818,0.1,2016
139852,-0.32,2016
138567,-0.41,2016
108862,-0.54,2016
137262,-0.03,2016
140461,0.27,2016
138923,-0.01,2016
135878,-0.8,2016
139538,0,2016
138054,0.05,2016
108870,-0.04,2016
141986,-0.5,2016
138103,-0.14,2016
108874,NP,2016
108860,0.28,2016
139184,-0.46,2016
108865,-0.06,2016
138530,-1.78,2016
142331,-2.47,2016
138526,NE,2016
133554,0,2016
138147,NP,2016
138394,-0.71,2016
140944,-0.45,2016
136520,0.19,2016
138985,-0.44,2016
109306,-0.27,2016
136966,0.21,2016
142127,,2016
109374,NP,2016
109346,NP,2016
142125,,2016
109360,NP,2016
136335,0.55,2016
136483,0.02,2016
109347,NP,2016
138522,0.02,2016
109348,NP,2016
109329,0.01,2016
109328,-0.44,2016
136311,0.4,2016
137523,0.3,2016
137548,-0.56,2016
140677,SUPP,2016
137493,-1.14,2016
140079,-1.85,2016
130391,NP,2016
109278,-0.6,2016
109337,NP,2016
138204,-0.18,2016
139049,-0.62,2016
135300,0.07,2016
135575,0.25,2016
136822,-0.28,2016
109369,NP,2016
135959,0.36,2016
109345,NP,2016
134221,-0.19,2016
109334,NP,2016
109335,NP,2016
135581,0.33,2016
109336,NP,2016
137440,-0.15,2016
141705,-0.07,2016
138217,-0.39,2016
134441,NP,2016
137583,NP,2016
135597,-0.89,2016
135671,-0.19,2016
141652,-0.36,2016
135663,0.11,2016
138448,-0.32,2016
109370,NP,2016
109371,NP,2016
138855,0.26,2016
109372,NP,2016
137627,0.03,2016
109331,-0.25,2016
109327,0.04,2016
141108,,2016
109342,NP,2016
109382,NP,2016
109410,NE,2016
132239,-2.17,2016
109391,SUPP,2016
109385,SUPP,2016
135637,NP,2016
109386,-1.02,2016
109392,-2.3,2016
109393,NE,2016
109394,-2.5,2016
142780,,2016
136722,0.01,2016
137840,-0.28,2016
137000,0,2016
137884,0.07,2016
136856,0.29,2016
136708,-0.27,2016
138466,-0.49,2016
141040,SUPP,2016
137300,0.07,2016
109317,-0.19,2016
109362,NP,2016
109313,-0.46,2016
109409,SUPP,2016
109407,-1.53,2016
109406,-1.36,2016
138132,NP,2016
139067,-0.1,2016
137950,NP,2016
137753,0.25,2016
109319,-0.24,2016
139669,-0.28,2016
139348,-0.02,2016
109324,-0.15,2016
142079,,2016
139345,-0.39,2016
109322,-0.39,2016
141042,-0.73,2016
135295,0.08,2016
137106,-0.39,2016
142008,-0.16,2016
141341,-0.42,2016
140288,-0.07,2016
135944,-0.07,2016
135943,-0.3,2016
141665,-0.59,2016
131808,-2.02,2016
138563,NP,2016
135827,-1.02,2016
109404,NE,2016
109353,NP,2016
109403,SUPP,2016
139405,0.03,2016
140867,-0.22,2016
111748,-0.34,2016
141686,-0.52,2016
133293,-0.48,2016
135424,NP,2016
139976,-2.35,2016
111751,0.61,2016
136259,NP,2016
134223,-0.08,2016
130908,0.04,2016
130570,-2.95,2016
139823,0.63,2016
138711,-0.23,2016
135606,-0.48,2016
133768,-0.8,2016
111773,-2.23,2016
140619,NP,2016
111774,-2.61,2016
131425,NE,2016
136139,-0.15,2016
141013,-0.92,2016
111726,-0.12,2016
111724,-0.22,2016
138845,-0.19,2016
141399,0.27,2016
139028,-0.22,2016
111742,-0.36,2016
142273,-0.18,2016
140751,-0.54,2016
139110,NE,2016
111777,NE,2016
128190,-1.89,2016
139606,0.05,2016
111733,-0.4,2016
139318,-0.05,2016
111727,0.09,2016
139673,-0.09,2016
141369,0.15,2016
140949,,2016
136146,-0.7,2016
111731,-0.13,2016
141370,0.69,2016
111767,NP,2016
139656,-0.27,2016
142281,-0.68,2016
111768,NP,2016
136121,-1.08,2016
111769,NP,2016
139974,-1.91,2016
140272,NP,2016
141385,-1.94,2016
118108,0.08,2016
135598,-0.18,2016
139395,,2016
130579,-0.92,2016
138082,0.06,2016
118131,NP,2016
118103,0.26,2016
139118,-0.12,2016
142150,0.21,2016
142391,,2016
118070,-0.3,2016
118117,0.59,2016
138246,0.18,2016
135945,0.09,2016
139629,-0.16,2016
118139,SUPP,2016
140904,NE,2016
133640,NP,2016
118138,-1.63,2016
118140,-0.04,2016
139628,SUPP,2016
136995,-0.01,2016
118072,0.2,2016
118111,0.79,2016
136921,0.12,2016
118078,-0.18,2016
134589,NP,2016
137316,-0.16,2016
118085,-0.17,2016
137306,0.27,2016
118082,0.3,2016
118084,-0.33,2016
118126,NP,2016
118073,-0.08,2016
118076,-0.41,2016
118132,NP,2016
140866,0.01,2016
118080,-0.12,2016
136667,0.59,2016
118075,0.23,2016
118081,0.21,2016
118083,0.24,2016
133429,NP,2016
118144,NE,2016
140615,NP,2016
118148,-1.85,2016
118145,NE,2016
136192,0,2016
130585,0.24,2016
135294,0.05,2016
136277,0.35,2016
139649,0.05,2016
137200,0.36,2016
137464,0.06,2016
135176,-0.4,2016
135209,-0.2,2016
137196,-0.96,2016
118124,NP,2016
136268,0.1,2016
137363,-1.61,2016
137394,SUPP,2016
137759,0.42,2016
118109,0.39,2016
118097,0.16,2016
142130,,2016
137832,-0.13,2016
139059,-0.21,2016
139277,0.1,2016
137004,0.27,2016
138018,-0.04,2016
135674,0.15,2016
118112,-0.02,2016
137742,0.24,2016
135065,NP,2016
137453,0.25,2016
138831,-0.33,2016
135247,NP,2016
134315,NP,2016
118146,-1.35,2016
121735,NP,2016
121758,NP,2016
121708,-0.27,2016
121670,-0.01,2016
121699,-0.12,2016
143138,,2016
121701,-0.04,2016
121667,-0.07,2016
121752,NP,2016
121664,-0.28,2016
142061,-0.46,2016
121716,0.09,2016
121668,,2016
131124,NP,2016
121733,NP,2016
121674,-0.24,2016
121740,NP,2016
121675,-0.57,2016
136497,0.65,2016
138190,-0.09,2016
121741,NP,2016
121718,-0.2,2016
121687,-0.01,2016
121671,0.08,2016
121681,0.15,2016
121700,0.35,2016
121678,-0.13,2016
136728,-0.03,2016
137412,0.51,2016
121743,NP,2016
121749,NP,2016
121725,NP,2016
121748,NP,2016
121680,-0.03,2016
121694,0.47,2016
121663,-0.29,2016
136896,0.14,2016
121665,0.42,2016
137139,0.47,2016
121714,0.09,2016
121715,0.63,2016
121717,0.1,2016
121677,0.15,2016
121730,NP,2016
142884,,2016
121702,-0.17,2016
121689,0.55,2016
121695,0.21,2016
141179,-0.25,2016
136664,0.46,2016
136736,0.22,2016
141930,0.03,2016
121693,0.08,2016
121666,-0.08,2016
121690,0.5,2016
121679,0.25,2016
121765,SUPP,2016
121764,-2.1,2016
121778,SUPP,2016
134660,NP,2016
112456,NP,2016
121771,SUPP,2016
121780,SUPP,2016
121775,-1.59,2016
121779,-1.65,2016
121772,SUPP,2016
121776,SUPP,2016
121766,NE,2016
139482,NE,2016
121720,0.18,2016
136617,0.19,2016
121722,NP,2016
121662,-0.32,2016
141555,NP,2016
121684,0.2,2016
121673,0.29,2016
121711,-0.03,2016
136544,0.13,2016
121706,0.23,2016
121726,NP,2016
121724,NP,2016
133946,-0.53,2016
134727,-1.72,2016
109707,0.33,2016
134807,NP,2016
142310,0.24,2016
135337,-0.05,2016
136651,0.58,2016
109682,0.08,2016
136319,0.51,2016
137679,0,2016
134805,NP,2016
136101,NP,2016
109709,-0.29,2016
109686,-0.31,2016
109685,-0.14,2016
130331,NP,2016
135338,-0.3,2016
109713,-0.33,2016
139237,-2.09,2016
109744,NE,2016
136085,0.41,2016
138228,0.32,2016
109727,NP,2016
109728,NP,2016
109718,NP,2016
109690,-0.01,2016
109665,-0.36,2016
142387,,2016
136122,NP,2016
139160,0.14,2016
109717,NP,2016
109721,NP,2016
139517,0.52,2016
136470,0.33,2016
137522,-0.07,2016
139374,-1.57,2016
135987,NP,2016
109742,SUPP,2016
137469,NE,2016
135946,-0.4,2016
137462,0.06,2016
138199,-1.06,2016
137632,,2016
141520,NP,2016
134503,NP,2016
137941,-0.08,2016
138569,-0.85,2016
109705,-0.06,2016
134137,NP,2016
138181,,2016
138571,-0.22,2016
136559,0.1,2016
137948,-0.18,2016
109669,0.49,2016
137886,0.04,2016
137169,0.06,2016
109746,NE,2016
109739,NE,2016
140286,-2.5,2016
137896,NE,2016
110536,NP,2016
137343,0.27,2016
136884,0.29,2016
136846,0.42,2016
135879,-0.63,2016
140893,0.56,2016
139367,-0.15,2016
140678,-0.18,2016
110484,-0.06,2016
139434,-0.99,2016
137564,0.17,2016
137215,0.18,2016
137091,0.48,2016
137280,-0.11,2016
110533,0.03,2016
110500,-0.24,2016
136419,0.68,2016
137219,0.58,2016
137864,-1.07,2016
134467,NP,2016
110488,-0.25,2016
136964,0.03,2016
136858,-0.28,2016
138058,-0.02,2016
137261,0.01,2016
136771,0.17,2016
139897,,2016
110497,-0.54,2016
110490,-0.15,2016
110545,NP,2016
137372,-0.45,2016
136484,0.38,2016
137344,0.37,2016
110544,NP,2016
110516,-0.07,2016
136845,0.37,2016
139663,,2016
136781,0.44,2016
137256,-0.25,2016
110548,NP,2016
110549,NP,2016
110555,NP,2016
137355,0.18,2016
110547,NP,2016
136723,0.46,2016
137934,-1.75,2016
135805,NP,2016
110577,-2.43,2016
110585,-1.25,2016
110582,NE,2016
131915,SUPP,2016
110576,-1.84,2016
135604,NP,2016
110581,NE,2016
110579,-1.54,2016
136373,NP,2016
136468,0.2,2016
136844,-0.01,2016
110531,-0.56,2016
135665,-0.05,2016
136454,0.12,2016
137052,0.14,2016
110532,-0.34,2016
110517,0.15,2016
136730,0.14,2016
138439,-0.48,2016
143134,,2016
110526,-0.71,2016
136842,0.14,2016
110567,NP,2016
142322,NP,2016
110592,NE,2016
110587,-1.46,2016
138253,-1.19,2016
110584,-1.76,2016
110575,-1.48,2016
113003,NP,2016
112939,-0.41,2016
112931,-0.26,2016
112968,0.05,2016
112989,-0.19,2016
138836,-0.32,2016
136548,-0.23,2016
112970,-0.19,2016
112932,0.08,2016
142405,,2016
112969,0.14,2016
136505,0.17,2016
112943,-0.36,2016
135074,NP,2016
112941,-0.68,2016
112994,-0.11,2016
112957,-0.23,2016
112940,-0.49,2016
112959,0.01,2016
137606,-0.22,2016
112964,-0.65,2016
112950,-0.01,2016
137350,-0.43,2016
112948,-0.05,2016
136591,-0.58,2016
136485,-0.58,2016
112996,0.02,2016
136716,-0.48,2016
113014,NP,2016
113010,NP,2016
137902,0.02,2016
112936,0.07,2016
113007,NP,2016
137109,-0.55,2016
141377,-0.21,2016
112961,0.1,2016
112995,-0.73,2016
136972,-0.19,2016
113009,NP,2016
141259,-0.54,2016
137908,-0.29,2016
138470,0.37,2016
142042,-0.15,2016
112971,-0.19,2016
136127,-0.1,2016
112966,-0.16,2016
112930,-0.52,2016
112949,-0.55,2016
113004,NP,2016
112933,-0.38,2016
112958,-0.34,2016
112938,-0.78,2016
112935,-0.07,2016
113021,NP,2016
113040,NE,2016
113032,NE,2016
113037,SUPP,2016
113019,NP,2016
113031,-1.98,2016
136167,NP,2016
113026,NP,2016
136954,NP,2016
131323,SUPP,2016
131327,NP,2016
135241,NP,2016
134395,NP,2016
113039,SUPP,2016
113041,SUPP,2016
113036,-1.57,2016
113033,-2.2,2016
112951,-0.84,2016
136360,0.23,2016
139564,-0.79,2016
134724,-0.49,2016
113028,NP,2016
113017,NP,2016
142129,,2016
112952,-0.36,2016
135120,-0.06,2016
137420,-0.11,2016
112956,0.17,2016
139051,-0.23,2016
112991,-0.31,2016
112992,-0.43,2016
134294,NP,2016
138622,-0.07,2016
136634,0.6,2016
137911,-0.13,2016
113047,SUPP,2016
135345,-2.5,2016
113044,-1,2016
113048,NE,2016
113046,-1.77,2016
113042,-2.16,2016
113896,-0.29,2016
113884,-0.28,2016
113888,0.03,2016
113910,NP,2016
113902,-0.23,2016
113912,NP,2016
140977,,2016
113854,-0.1,2016
113882,-0.03,2016
141378,-0.39,2016
138471,0.09,2016
141138,NP,2016
136763,-0.08,2016
138388,-0.88,2016
113920,NP,2016
113863,0.01,2016
113932,NP,2016
113855,0.25,2016
141526,-0.02,2016
113943,NP,2016
126515,NP,2016
140898,0.06,2016
113948,NP,2016
113918,NP,2016
113919,NP,2016
141735,-0.09,2016
113875,-0.35,2016
139376,0.44,2016
137163,0.37,2016
136649,0.18,2016
138616,-0.3,2016
113901,0.23,2016
113956,-1.74,2016
116593,NP,2016
113957,SUPP,2016
113942,SUPP,2016
113950,NP,2016
113952,NP,2016
113960,-1.61,2016
138716,NE,2016
113965,NE,2016
113922,NP,2016
139258,0.29,2016
136574,-0.3,2016
139711,0.52,2016
136368,0.55,2016
136850,0.31,2016
113907,0.07,2016
136206,-0.51,2016
113893,-0.02,2016
133740,SUPP,2016
137286,NE,2016
113954,-1.6,2016
113955,NE,2016
138193,0.12,2016
136120,0.16,2016
136125,0.01,2016
113937,NP,2016
137452,0.22,2016
136996,0.3,2016
140008,0.49,2016
138171,-0.43,2016
138333,NP,2016
138385,0.21,2016
139037,-0.46,2016
139596,-0.52,2016
137349,0.24,2016
138249,NP,2016
113945,NP,2016
140007,0.37,2016
113961,-2.23,2016
137998,-2.6,2016
136451,0.27,2016
141109,-0.62,2016
114336,NP,2016
114308,-0.32,2016
114301,-0.01,2016
137638,-0.14,2016
114313,0.38,2016
114311,-0.42,2016
114330,NP,2016
114312,0.09,2016
114331,NP,2016
138075,0.23,2016
131859,-2.81,2016
114299,0.34,2016
137696,-0.3,2016
114289,0.01,2016
114305,-0.23,2016
136683,-0.11,2016
136770,0.25,2016
136745,-0.4,2016
136971,-0.06,2016
137903,0.34,2016
114327,0.05,2016
138172,0,2016
137702,-0.11,2016
114326,0.16,2016
114286,0.06,2016
114317,0.32,2016
137234,-0.28,2016
114293,-0.16,2016
137153,0.06,2016
142894,,2016
114315,-0.29,2016
114300,-0.44,2016
114297,-0.29,2016
138717,-0.29,2016
114340,-1.99,2016
114349,-1.47,2016
114337,-2.47,2016
135834,NP,2016
136748,NP,2016
138718,-1.68,2016
131905,-2.53,2016
139329,NP,2016
134662,-1.68,2016
114345,NE,2016
114347,-2.83,2016
137622,0.24,2016
137122,-0.88,2016
138089,-0.53,2016
136838,-0.25,2016
136525,-0.08,2016
137222,-0.44,2016
142174,LOWCOV,2016
135314,-0.94,2016
138093,-2.03,2016
141954,NP,2016
135113,NP,2016
137511,NP,2016
139996,-0.06,2016
139821,-0.57,2016
114622,NP,2016
137982,0.36,2016
114657,NP,2016
138895,-0.27,2016
114656,NP,2016
131669,-0.5,2016
138475,0.24,2016
114594,0.23,2016
114640,NP,2016
114584,0.29,2016
136106,-0.2,2016
114650,NP,2016
139796,,2016
114659,NP,2016
138472,-0.12,2016
136401,-0.32,2016
114587,0.29,2016
114634,NP,2016
114627,NP,2016
114625,NP,2016
114651,NP,2016
131601,0.09,2016
114598,0.14,2016
138474,0.27,2016
137232,-0.41,2016
114588,0.22,2016
138624,-0.28,2016
139689,-0.75,2016
114613,-0.03,2016
136400,0.47,2016
114612,0.56,2016
138473,0.33,2016
140679,0.11,2016
114590,0.05,2016
114591,0.38,2016
141394,SUPP,2016
114592,0.07,2016
114682,SUPP,2016
142146,-1.74,2016
114635,NP,2016
139521,NE,2016
114688,NE,2016
114694,NE,2016
134148,NP,2016
114693,-0.84,2016
142151,-2.33,2016
114645,NP,2016
142163,-1.25,2016
133653,NE,2016
141475,-1.05,2016
114664,NP,2016
114606,0.28,2016
136164,-0.29,2016
114658,NP,2016
114614,NP,2016
114661,NP,2016
114611,0.3,2016
114580,0.12,2016
131127,NP,2016
114607,-0.14,2016
139409,,2016
114581,0.1,2016
114608,-0.13,2016
137063,0.07,2016
114616,NP,2016
114579,0.07,2016
133639,NE,2016
114685,NE,2016
114680,NE,2016
114619,-1.32,2016
114687,NE,2016
114678,-2.75,2016
131356,NP,2016
114679,-2.14,2016
114677,SUPP,2016
116427,-0.51,2016
116537,NP,2016
137535,-0.04,2016
116504,-0.02,2016
136652,-0.13,2016
116524,NP,2016
137791,0.48,2016
116527,NP,2016
116478,-0.03,2016
136643,0.09,2016
138437,-1.03,2016
116441,-0.27,2016
116574,NP,2016
116419,0.09,2016
116472,-0.36,2016
136719,-0.34,2016
116436,0.23,2016
137538,-0.09,2016
116579,NP,2016
116430,-0.11,2016
116470,-0.24,2016
138287,-0.44,2016
116412,0.21,2016
116446,-0.3,2016
138038,0.09,2016
116432,-0.53,2016
116445,-0.2,2016
116498,-0.07,2016
116428,-0.12,2016
116575,NP,2016
138720,-0.23,2016
137113,-1.02,2016
135240,NP,2016
140069,0.3,2016
116517,NP,2016
116447,-0.26,2016
116444,-0.55,2016
116442,0.19,2016
116413,0.08,2016
116515,NP,2016
116431,-0.21,2016
136156,0.11,2016
116555,NP,2016
116423,-0.15,2016
116438,0.23,2016
116466,0.24,2016
116437,0.12,2016
137229,0.34,2016
116422,-0.1,2016
116405,-0.33,2016
116585,NP,2016
116595,NP,2016
116468,0.28,2016
116521,NP,2016
116563,NP,2016
140182,-0.23,2016
136640,0.34,2016
116559,NP,2016
138585,-0.05,2016
136112,NP,2016
137125,-0.01,2016
137345,0.07,2016
116473,-0.14,2016
137128,0.01,2016
136903,-0.12,2016
116418,-0.31,2016
137129,0.29,2016
116506,-0.12,2016
116425,-0.13,2016
136657,0.02,2016
138135,0.27,2016
137239,0.31,2016
116513,NP,2016
116594,NP,2016
116518,NP,2016
116534,NP,2016
116543,NP,2016
134769,NP,2016
116424,0.09,2016
116426,-0.28,2016
116502,0.03,2016
137315,0.09,2016
136715,0.39,2016
116411,0.15,2016
116440,-0.42,2016
116475,-0.11,2016
116448,0.11,2016
116407,0.35,2016
136654,0.17,2016
116532,NP,2016
138920,-0.16,2016
138184,0.11,2016
116433,0.12,2016
116617,-1.12,2016
140046,NP,2016
141187,-3.01,2016
116586,NP,2016
137605,-1.39,2016
135823,SUPP,2016
116639,-1.57,2016
116588,NP,2016
131559,SUPP,2016
116565,NP,2016
135105,NP,2016
131068,-1.65,2016
116609,SUPP,2016
116603,-1.77,2016
116614,SUPP,2016
116589,NP,2016
140732,-2.63,2016
116641,-1.02,2016
137279,NP,2016
116637,-1.62,2016
116511,-1.49,2016
133581,-2.67,2016
116611,NE,2016
116584,NP,2016
116618,NE,2016
116640,-1.72,2016
116564,NP,2016
116636,-1.63,2016
140697,-0.39,2016
135965,0.28,2016
116462,-0.36,2016
116463,-0.33,2016
116573,NP,2016
140605,-0.33,2016
139714,0.39,2016
116583,NP,2016
116581,NP,2016
141175,-0.01,2016
116505,0.49,2016
116582,NP,2016
116461,0,2016
141875,-0.42,2016
135308,-3.11,2016
140325,NE,2016
116628,-1.71,2016
116458,0.02,2016
116469,0.31,2016
116454,-0.72,2016
116568,NP,2016
116580,NP,2016
135628,-0.25,2016
135629,-0.04,2016
116453,-0.61,2016
116450,0.46,2016
138476,0.38,2016
116507,0.59,2016
116567,NP,2016
116451,-0.22,2016
137037,0.1,2016
116465,-1.02,2016
116622,SUPP,2016
116621,NE,2016
116624,-1.99,2016
139265,SUPP,2016
131556,NP,2016
138833,-0.06,2016
139624,0.66,2016
138819,0,2016
137969,0.32,2016
138521,,2016
120341,NP,2016
135185,NP,2016
138820,,2016
140787,-0.03,2016
141874,,2016
141894,-0.28,2016
138524,-0.18,2016
138298,0.06,2016
120339,NP,2016
138627,0.14,2016
140103,,2016
138327,,2016
141682,-0.51,2016
120274,-0.11,2016
137799,-0.43,2016
137617,0.41,2016
137540,,2016
138821,-0.38,2016
120334,NP,2016
137367,-0.08,2016
138628,-0.63,2016
120332,NP,2016
120333,NP,2016
138150,-0.13,2016
137115,,2016
120314,NP,2016
138108,0.3,2016
137828,-0.06,2016
138223,-1.23,2016
120317,NP,2016
120316,NP,2016
137640,-0.31,2016
137968,,2016
137161,-0.18,2016
138079,,2016
138290,0.38,2016
141012,0.15,2016
139442,0.07,2016
137931,-0.09,2016
130747,-1.88,2016
137317,-0.49,2016
138527,,2016
120331,NP,2016
137170,,2016
137984,,2016
138894,0.1,2016
141129,-0.61,2016
138537,-1.23,2016
137401,0.04,2016
137983,-0.32,2016
120352,SUPP,2016
134640,-1.69,2016
138156,-1.81,2016
137905,NE,2016
120330,NP,2016
141127,NP,2016
134438,NP,2016
120348,-1.46,2016
128078,NP,2016
135217,NP,2016
135218,NP,2016
138935,NE,2016
139734,NP,2016
134809,NP,2016
136823,NP,2016
120294,0.03,2016
120281,-0.06,2016
120297,-0.15,2016
120277,-0.12,2016
120345,NP,2016
120306,-0.04,2016
120298,0.48,2016
120285,-0.71,2016
137561,NP,2016
133349,NP,2016
120287,-0.07,2016
120283,-0.47,2016
120324,NP,2016
138376,NP,2016
138869,-0.02,2016
129645,0.11,2016
120292,-0.44,2016
131945,-0.5,2016
120282,0.48,2016
120326,NP,2016
120307,-0.19,2016
120279,0.06,2016
120286,0.29,2016
128364,-1.12,2016
139559,NP,2016
138094,-1.58,2016
130371,-1.93,2016
131187,-1.62,2016
120362,-1.61,2016
120361,NE,2016
131099,NE,2016
137340,0.39,2016
136530,0.35,2016
120322,NP,2016
136629,0.13,2016
120320,NP,2016
131018,NP,2016
134938,NP,2016
124449,0.14,2016
124470,NP,2016
140123,0.27,2016
137356,-0.09,2016
124459,-0.26,2016
124455,-0.25,2016
124396,-0.18,2016
137384,0.05,2016
124468,-0.16,2016
124486,NP,2016
131695,NP,2016
124443,-0.01,2016
136959,-0.05,2016
124425,-0.21,2016
140470,0.02,2016
124412,-0.14,2016
124400,0.04,2016
136414,0.27,2016
124473,NP,2016
124401,-0.47,2016
136886,0,2016
124422,-0.08,2016
124402,-0.18,2016
137103,-0.54,2016
137100,0.22,2016
139234,-0.44,2016
136323,0.25,2016
124445,-0.42,2016
124408,-0.04,2016
141700,-0.53,2016
142313,-0.26,2016
141342,0.03,2016
136136,-0.07,2016
137146,-0.12,2016
124406,-0.1,2016
124474,NP,2016
140154,0.04,2016
136685,NP,2016
124399,0.56,2016
124413,-0.32,2016
124409,-0.13,2016
124487,NP,2016
124395,-0.71,2016
141343,-0.44,2016
124392,-0.09,2016
138729,0.65,2016
124391,-0.13,2016
138728,0.26,2016
138351,-0.67,2016
124471,NP,2016
124476,NP,2016
140802,-0.14,2016
124444,0.16,2016
124393,-0.34,2016
124489,NP,2016
124467,-0.34,2016
137164,-0.18,2016
138435,-0.07,2016
124430,0.26,2016
139708,-0.32,2016
124416,-0.22,2016
137553,-0.01,2016
124407,-0.09,2016
138936,-0.14,2016
124415,0.52,2016
142015,-0.62,2016
141448,-1.61,2016
141449,-1.32,2016
133989,NP,2016
124504,-1.66,2016
124508,-1.37,2016
138243,NP,2016
142013,NP,2016
137098,NP,2016
142170,-2.62,2016
124488,NP,2016
124512,SUPP,2016
131004,NP,2016
136245,NP,2016
137956,NP,2016
124521,-1.61,2016
124495,NP,2016
132735,NP,2016
124520,NE,2016
124513,NE,2016
140997,-1.84,2016
124523,-1.59,2016
124390,-0.66,2016
136102,0.13,2016
136681,-0.38,2016
140633,-0.14,2016
138549,0.03,2016
140330,NP,2016
136680,0.16,2016
136145,0,2016
137892,NP,2016
136460,0.33,2016
140149,0.32,2016
136824,-0.38,2016
140304,0.14,2016
124389,-0.03,2016
141128,NP,2016
138256,-0.37,2016
139590,-0.55,2016
139068,0.24,2016
124388,-0.18,2016
137574,NP,2016
124500,-1.8,2016
124503,NE,2016
136220,NP,2016
124498,-2.04,2016
124501,-1.42,2016
131969,0.14,2016
126459,-0.71,2016
136500,0.43,2016
135486,NP,2016
142316,0.01,2016
138885,-0.2,2016
136611,-0.19,2016
126532,NP,2016
138630,-0.06,2016
131743,NP,2016
134460,NP,2016
126519,NP,2016
126514,NP,2016
136296,0.07,2016
137650,-0.22,2016
138020,-0.28,2016
137230,0.29,2016
136389,0.37,2016
126528,NP,2016
137308,0.42,2016
126516,NP,2016
126510,-0.24,2016
141911,0.01,2016
136849,-0.06,2016
136911,0.24,2016
137375,0.21,2016
137827,0.13,2016
138623,-0.1,2016
126473,-0.26,2016
137057,0.21,2016
126513,NP,2016
136183,-0.36,2016
136632,0.21,2016
136391,0.32,2016
141964,,2016
126512,NP,2016
126458,0.17,2016
126447,0.18,2016
126522,NP,2016
135804,-0.4,2016
134199,-0.04,2016
126535,NP,2016
126550,-1.77,2016
141647,NE,2016
126553,SUPP,2016
136019,NP,2016
126546,NE,2016
126552,SUPP,2016
137470,-1.91,2016
132775,NP,2016
137408,-0.32,2016
137190,0.09,2016
137684,-0.4,2016
136860,0,2016
131196,-0.49,2016
137265,-0.16,2016
137264,0.19,2016
126536,NP,2016
140515,-0.38,2016
137160,0.08,2016
136980,0.12,2016
135364,0.2,2016
140972,-1.19,2016
126549,-1.82,2016
126547,-2.53,2016
126555,NE,2016
142577,,2016
110047,0.13,2016
110071,-0.28,2016
110049,0.51,2016
110069,-0.07,2016
110117,NP,2016
110159,NP,2016
137267,0.41,2016
110068,-0.08,2016
110125,NP,2016
110178,NP,2016
134415,NP,2016
110190,NE,2016
138342,-0.15,2016
110147,NP,2016
138823,0.3,2016
133580,0.2,2016
110153,NP,2016
137695,0.2,2016
138879,-0.02,2016
110158,NP,2016
137740,0.26,2016
141225,NP,2016
139971,,2016
110150,NP,2016
110152,NP,2016
110051,0.42,2016
110167,NP,2016
110119,NP,2016
110120,NP,2016
141844,0.17,2016
141852,0.1,2016
133743,SUPP,2016
142325,NP,2016
110183,-1.95,2016
110121,NP,2016
137777,0.01,2016
110123,NP,2016
110102,0.29,2016
110050,-0.03,2016
136647,0.41,2016
110063,-0.09,2016
130602,-3.54,2016
135819,NP,2016
110169,NP,2016
110132,NP,2016
136733,0.02,2016
137465,0.41,2016
110128,NP,2016
139938,-0.37,2016
138525,0.13,2016
110048,0.34,2016
110186,-1.54,2016
110182,-1.9,2016
139963,NP,2016
110180,0,2016
132003,NP,2016
110165,NP,2016
110107,0.2,2016
110112,NP,2016
136307,0.03,2016
130247,-0.84,2016
136448,0.56,2016
110110,NP,2016
141886,,2016
136876,-0.22,2016
110109,NP,2016
110096,-0.37,2016
136449,0.65,2016
137999,NP,2016
110111,NP,2016
139268,-0.19,2016
142121,,2016
137435,SUPP,2016
110189,-1.84,2016
139728,SUPP,2016
137259,0.42,2016
110076,-0.62,2016
141009,,2016
141970,,2016
137726,0.44,2016
135631,0.22,2016
136521,0.35,2016
110162,NP,2016
140156,,2016
136955,NP,2016
110084,0.36,2016
110087,0.39,2016
137287,0.28,2016
136420,0.65,2016
138012,0.16,2016
110078,-0.05,2016
110185,-1.55,2016
142181,,2016
110062,-0.09,2016
110060,0.08,2016
139853,-0.32,2016
136880,0.6,2016
110136,NP,2016
136637,0.41,2016
138367,,2016
136891,0.64,2016
110151,NP,2016
110137,NP,2016
110059,0.17,2016
142166,0.21,2016
110187,NE,2016
110181,-2.17,2016
110191,-2.18,2016
136083,NP,2016
137377,0.2,2016
137427,0.26,2016
131074,NP,2016
136677,0.2,2016
139408,,2016
110935,NP,2016
110934,NP,2016
135184,NP,2016
136887,0.5,2016
136650,0.05,2016
136463,0.53,2016
137434,0.4,2016
138177,0.12,2016
137779,-0.42,2016
143404,,2016
137187,-0.68,2016
134454,NP,2016
135404,NP,2016
137475,0.25,2016
137826,0.64,2016
110925,NP,2016
110916,NP,2016
110914,NP,2016
136442,0.5,2016
136992,0.09,2016
110930,NP,2016
137527,0.44,2016
139272,0.07,2016
110873,0.07,2016
142035,,2016
139401,0.07,2016
136636,0.6,2016
110923,NP,2016
131330,NP,2016
110932,NP,2016
137924,0.42,2016
137305,-0.14,2016
110912,NP,2016
137248,-0.09,2016
110921,NP,2016
136775,0.27,2016
136974,0.03,2016
138053,-0.24,2016
136610,0.25,2016
110924,NP,2016
136580,0.45,2016
137867,-0.57,2016
141946,,2016
140265,-0.89,2016
110926,NP,2016
137547,0.16,2016
136236,NP,2016
141879,NP,2016
134179,NP,2016
134972,-1.7,2016
137594,-3.38,2016
110931,NP,2016
134937,-1.45,2016
136047,NP,2016
134193,SUPP,2016
110940,NE,2016
131701,NP,2016
110949,SUPP,2016
133651,NP,2016
133570,NP,2016
110951,NE,2016
110946,NE,2016
142932,,2016
137494,-2.77,2016
136266,0.14,2016
139082,,2016
142902,,2016
141300,0.06,2016
136023,NP,2016
110899,0.33,2016
110882,-0.02,2016
136398,0.55,2016
137082,0.21,2016
135980,-0.16,2016
110910,NP,2016
110907,0.46,2016
137880,-0.05,2016
135263,-0.28,2016
137084,-0.9,2016
139018,NP,2016
110948,NE,2016
110943,-0.99,2016
135386,-2.87,2016
134893,NP,2016
134272,NE,2016
111401,-0.63,2016
136779,-0.15,2016
136185,-0.21,2016
140864,0.61,2016
135731,-0.51,2016
111457,-0.12,2016
138198,-1.1,2016
139368,0,2016
111515,-2.22,2016
140578,NE,2016
111514,SUPP,2016
135512,NP,2016
138597,NP,2016
135749,NP,2016
139196,-0.06,2016
139840,-0.16,2016
141598,0.07,2016
111456,-0.07,2016
111430,0.03,2016
140620,-0.32,2016
139152,-0.13,2016
138562,,2016
138732,0.08,2016
139506,-0.34,2016
111454,-0.34,2016
133672,-0.46,2016
139072,-0.29,2016
142899,,2016
134186,NP,2016
111498,SUPP,2016
111496,SUPP,2016
111495,-1.58,2016
111501,-2.58,2016
142124,SUPP,2016
113497,-0.35,2016
142540,,2016
113516,-0.44,2016
113575,NP,2016
113562,NP,2016
138041,0.02,2016
137024,0.39,2016
136638,-0.15,2016
136366,0.37,2016
137176,-0.13,2016
141514,,2016
113502,0.36,2016
136200,-0.07,2016
113518,-0.31,2016
113607,NP,2016
113632,NP,2016
136612,-0.13,2016
137228,0.14,2016
113511,-0.23,2016
136912,-0.32,2016
139553,-0.32,2016
139682,0.27,2016
136336,0.33,2016
113520,0.13,2016
136673,0.14,2016
136367,0.59,2016
113604,NP,2016
113623,NP,2016
113608,NP,2016
113573,NP,2016
137124,-0.08,2016
113540,0.06,2016
113514,-0.19,2016
136867,-0.32,2016
136646,-0.1,2016
139816,,2016
113507,0.26,2016
113583,NP,2016
113550,-0.21,2016
113553,0.37,2016
113567,NP,2016
113619,NP,2016
113605,NP,2016
113503,0.02,2016
136569,0.08,2016
113603,NP,2016
141749,,2016
113512,0.06,2016
139661,,2016
113579,NP,2016
113539,-0.16,2016
136494,-0.25,2016
136495,0.2,2016
113548,-0.17,2016
113574,NP,2016
136287,0.91,2016
113606,NP,2016
113505,-0.2,2016
135773,NP,2016
113636,SUPP,2016
113643,SUPP,2016
133392,NP,2016
135803,NP,2016
113616,NP,2016
113653,SUPP,2016
113633,NE,2016
113654,-1.57,2016
113637,NE,2016
131552,-2.95,2016
113635,NE,2016
113642,SUPP,2016
131715,NP,2016
113638,NE,2016
113656,-2.13,2016
113611,NP,2016
113634,-1.7,2016
113652,NE,2016
136142,-0.63,2016
136558,-0.1,2016
136496,0,2016
136588,0.19,2016
140104,-0.17,2016
135849,NP,2016
136557,0.02,2016
136668,0.05,2016
136166,-0.49,2016
140737,0.01,2016
113609,NP,2016
113532,-0.06,2016
139923,,2016
142116,,2016
136568,0.13,2016
136556,0.21,2016
140693,-0.31,2016
113533,-0.18,2016
136626,-0.13,2016
137206,-0.07,2016
139432,-0.7,2016
113648,-1.26,2016
113645,NE,2016
113650,-1.97,2016
113651,NE,2016
113649,-3.65,2016
113644,SUPP,2016
137755,-0.02,2016
136388,0.14,2016
139666,-0.89,2016
136738,NP,2016
138863,0.03,2016
113551,-0.12,2016
130648,-1.82,2016
113526,-0.05,2016
138370,0.61,2016
136321,0.33,2016
136506,0.5,2016
113612,NP,2016
139540,-1.62,2016
113641,-1.41,2016
134126,-2.85,2016
139402,-0.31,2016
137727,0.2,2016
136579,0.33,2016
135897,-0.44,2016
115322,0.04,2016
138239,,2016
136861,-0.1,2016
137874,0.02,2016
115386,NP,2016
140982,-0.2,2016
115429,NP,2016
138834,0.1,2016
139181,-0.09,2016
137694,0.45,2016
141498,-0.41,2016
137260,0.34,2016
136412,0.52,2016
115392,NP,2016
115436,NP,2016
135957,-0.01,2016
138084,0.7,2016
136195,-0.19,2016
137515,0.57,2016
115409,NP,2016
137814,0.39,2016
137429,0.15,2016
140308,-0.11,2016
136625,0.26,2016
115237,0.43,2016
115340,-0.58,2016
136555,0.43,2016
115236,-0.54,2016
115395,NP,2016
141841,0.08,2016
141328,0.45,2016
115398,NP,2016
137926,0.17,2016
115396,NP,2016
136904,0.1,2016
135652,0.07,2016
115437,NP,2016
137946,-0.54,2016
139153,0.3,2016
137975,-0.3,2016
136729,-0.58,2016
137072,-0.17,2016
138865,0.26,2016
138734,-0.35,2016
136868,-0.3,2016
136642,0.53,2016
136342,0.2,2016
136577,0.14,2016
135653,0.04,2016
137945,-0.19,2016
139271,-0.08,2016
137048,0.2,2016
136863,0.39,2016
143422,,2016
139781,-1.66,2016
115387,NP,2016
135651,0.27,2016
137013,-0.11,2016
141947,,2016
137152,0.4,2016
137445,-0.22,2016
137619,0.1,2016
137790,0.08,2016
139248,-0.07,2016
115235,0.02,2016
136776,0.32,2016
115382,0.08,2016
137944,0,2016
115238,-0.06,2016
115399,NP,2016
137058,0.13,2016
136875,-0.14,2016
115394,NP,2016
115417,NP,2016
137240,0.17,2016
137877,0.29,2016
140570,-1.2,2016
137927,0.25,2016
137552,-0.01,2016
139534,-0.07,2016
139179,-0.34,2016
138255,-2.32,2016
137188,0.04,2016
137937,0.05,2016
137241,0.43,2016
115431,NP,2016
136758,0.03,2016
136605,-0.1,2016
141214,0.16,2016
135772,NP,2016
141765,NE,2016
115457,-1.47,2016
138122,NE,2016
115426,NP,2016
115464,NE,2016
115462,NE,2016
135150,NP,2016
115469,NE,2016
131838,SUPP,2016
115453,-1.96,2016
141512,-1.42,2016
115475,NE,2016
115473,-1.52,2016
115460,SUPP,2016
138219,NE,2016
115449,-2.31,2016
142612,,2016
115427,NP,2016
115466,-1.67,2016
115471,NE,2016
115446,SUPP,2016
135837,NP,2016
137554,-1.87,2016
140655,NP,2016
134398,NP,2016
138174,-0.08,2016
142077,-0.31,2016
141741,-0.68,2016
137284,0.58,2016
132762,-0.96,2016
137312,0.52,2016
137310,0.07,2016
137733,-0.04,2016
136443,0.3,2016
136444,0.22,2016
115402,NP,2016
136272,0.66,2016
136490,0.39,2016
134940,NP,2016
115445,SUPP,2016
137562,NP,2016
138044,-1.41,2016
115444,-1.95,2016
115443,-2.69,2016
136854,-0.06,2016
133114,-0.35,2016
115239,0.37,2016
137549,0.75,2016
137364,-0.53,2016
143424,,2016
139578,-0.34,2016
136387,0.05,2016
135960,-0.2,2016
137456,0.19,2016
137214,0.02,2016
138736,SUPP,2016
115454,-1.34,2016
116936,-0.42,2016
116991,-0.07,2016
116941,-0.13,2016
140868,0.23,2016
135662,-0.73,2016
117036,NP,2016
136399,0.14,2016
136803,-0.01,2016
137073,0.09,2016
137608,-0.27,2016
117045,NP,2016
137703,0.21,2016
139895,-1.72,2016
116992,0.65,2016
135672,1.31,2016
116952,0.23,2016
139189,0.12,2016
136405,-0.2,2016
139607,NE,2016
141487,-2.34,2016
117048,NP,2016
131353,NP,2016
117042,NP,2016
117055,SUPP,2016
117035,NP,2016
138505,0.33,2016
138660,-0.29,2016
135035,0.2,2016
138107,-0.44,2016
116999,0.2,2016
117034,NP,2016
117032,NP,2016
117012,NP,2016
136897,0.31,2016
137625,-0.05,2016
136890,0.25,2016
116932,-0.19,2016
117022,NP,2016
136927,0.11,2016
137186,0.03,2016
141414,-0.14,2016
137101,0.16,2016
136898,0.28,2016
117020,NP,2016
141105,0.54,2016
138032,0.16,2016
117037,NP,2016
117044,NP,2016
117017,NP,2016
117018,NP,2016
116928,-0.31,2016
137051,0.33,2016
136925,0.06,2016
136469,0.39,2016
139029,,2016
117041,NP,2016
117038,NP,2016
141063,0.78,2016
117046,NP,2016
140292,0.16,2016
137162,-0.07,2016
141169,0.14,2016
137167,-0.36,2016
140731,-0.08,2016
135913,-0.3,2016
138664,-0.35,2016
135061,0.13,2016
136924,0.11,2016
117030,NP,2016
117062,NE,2016
142011,NP,2016
140404,-2.35,2016
117064,-0.53,2016
136262,NP,2016
136260,NP,2016
117056,SUPP,2016
140261,-1.62,2016
117049,-1.54,2016
140397,-2.18,2016
117033,NP,2016
139444,NE,2016
135791,-1.85,2016
137154,-0.05,2016
118898,-0.31,2016
118937,NP,2016
138167,-0.22,2016
118882,-0.56,2016
137474,0.28,2016
118949,NP,2016
118939,NP,2016
136603,0.51,2016
118978,NP,2016
137800,0.14,2016
137458,-0.09,2016
136302,-0.15,2016
119000,NP,2016
131411,NP,2016
118910,-0.14,2016
136382,0.19,2016
118991,NP,2016
118803,-0.1,2016
135371,-0.04,2016
137739,LOWCOV,2016
136585,0.03,2016
136359,0.54,2016
118883,0.43,2016
118785,0.06,2016
136175,-0.22,2016
118940,NP,2016
118931,0.11,2016
118806,0.33,2016
136177,0.24,2016
138405,NP,2016
137581,0.2,2016
134452,NP,2016
135195,-0.44,2016
137837,0.51,2016
136324,-0.27,2016
118944,NP,2016
137099,0.19,2016
139697,-0.18,2016
136571,-1,2016
138480,0.13,2016
136349,-0.03,2016
136465,-0.08,2016
138236,-0.13,2016
136305,0.13,2016
136379,0.36,2016
137104,0,2016
118796,-0.78,2016
137484,-0.49,2016
118903,-0.29,2016
136582,0.62,2016
136197,0.18,2016
118843,0.58,2016
119001,NP,2016
134582,NP,2016
118946,NP,2016
136584,0.2,2016
118996,NP,2016
136128,0.05,2016
135297,-0.14,2016
140987,-0.09,2016
135630,-0.1,2016
118835,0.16,2016
118836,0.38,2016
118897,-0.03,2016
137833,0.08,2016
135290,0.04,2016
136847,0,2016
137834,0.07,2016
139075,0.48,2016
135372,-0.53,2016
118832,-0.34,2016
118788,0.01,2016
118928,0.34,2016
138019,0.15,2016
136727,-0.09,2016
139946,-0.48,2016
135721,-0.55,2016
136304,0.44,2016
118930,-0.62,2016
136570,0.06,2016
118957,NP,2016
135826,-1.14,2016
119007,NP,2016
140874,0.27,2016
136923,-0.23,2016
141217,,2016
118912,0.06,2016
118998,NP,2016
118919,0.24,2016
137609,0.23,2016
140640,0.22,2016
118933,0.02,2016
118947,NP,2016
140537,0.53,2016
136317,-0.39,2016
136300,-0.09,2016
118952,NP,2016
118840,0.28,2016
118884,0.41,2016
136501,0.09,2016
137687,-0.23,2016
135888,0.35,2016
140595,0.66,2016
135305,-0.28,2016
118958,NP,2016
118793,-0.69,2016
118879,-0.25,2016
136417,0.75,2016
118959,NP,2016
136583,0.01,2016
139554,,2016
118789,0.82,2016
118790,0.25,2016
141628,-0.33,2016
136581,0.21,2016
119002,NP,2016
136455,0.54,2016
136286,0.29,2016
136205,-0.06,2016
137227,0.06,2016
137250,0.19,2016
139542,-0.09,2016
139664,,2016
135198,NP,2016
119044,-1.39,2016
119036,-1.42,2016
119021,NP,2016
119026,-2.72,2016
119027,SUPP,2016
119046,-2.11,2016
135537,NP,2016
135623,NP,2016
119055,NE,2016
119041,NE,2016
119057,NE,2016
119042,-3.15,2016
119051,-1.37,2016
133539,NP,2016
119009,NP,2016
118993,NP,2016
135438,NP,2016
134606,NP,2016
119040,-1.66,2016
119015,NP,2016
134971,-1.11,2016
119013,NP,2016
130979,NP,2016
134783,-1.62,2016
119029,-2.52,2016
137883,NE,2016
132148,-1.61,2016
131422,NP,2016
119058,-1.74,2016
138408,NP,2016
119062,-1.3,2016
134605,NP,2016
119050,NE,2016
118995,NP,2016
119045,-2.09,2016
119037,-1.91,2016
119059,-1.64,2016
137795,NP,2016
135018,NP,2016
119056,NE,2016
119032,-1.52,2016
131611,NP,2016
131748,NE,2016
136107,0.41,2016
136594,0.28,2016
137389,0.19,2016
136337,0.02,2016
138046,-0.16,2016
141466,0.2,2016
137119,0.03,2016
118948,NP,2016
142081,,2016
136864,0.24,2016
136456,0.3,2016
138511,-0.08,2016
136313,0.68,2016
119006,NP,2016
118908,-0.44,2016
136662,0.16,2016
135964,-0.4,2016
137376,0.46,2016
136108,-0.22,2016
137630,-0.41,2016
119052,NE,2016
135576,NP,2016
140701,-1.79,2016
141005,-1.71,2016
134150,-1.5,2016
132097,NP,2016
135822,NP,2016
139290,-0.06,2016
135649,-0.02,2016
137421,-0.09,2016
138544,0.28,2016
119722,-0.39,2016
119802,0.3,2016
119797,-0.17,2016
136237,NP,2016
119814,0.26,2016
119836,NP,2016
119707,-0.34,2016
142333,NP,2016
138835,0.29,2016
119813,-0.23,2016
119775,0.06,2016
137296,0.36,2016
134997,-0.04,2016
136997,0.59,2016
119759,0.43,2016
119784,0.23,2016
141028,,2016
119746,-0.22,2016
119799,-0.41,2016
119748,0.07,2016
119744,-0.56,2016
119770,-0.49,2016
119781,0.12,2016
136390,0.12,2016
119719,0.31,2016
139130,-0.5,2016
119780,-1.04,2016
141971,,2016
119745,-1.38,2016
119771,-0.52,2016
134770,NP,2016
135936,-0.51,2016
137342,0.11,2016
131337,NP,2016
119758,-0.75,2016
134995,-0.85,2016
119767,-0.18,2016
119851,NP,2016
119711,-0.42,2016
136717,0.24,2016
119757,0.14,2016
119803,0.18,2016
119794,0,2016
131355,NP,2016
119844,NP,2016
119835,NP,2016
136381,0.29,2016
136742,0.34,2016
119774,-0.34,2016
119749,-0.37,2016
137111,-0.11,2016
119740,-0.14,2016
137498,SUPP,2016
134990,-0.33,2016
119714,0.09,2016
119773,0.01,2016
119820,NP,2016
119761,0,2016
119804,-0.58,2016
119717,-0.69,2016
119833,NP,2016
132834,-0.19,2016
119782,-0.08,2016
119798,0.07,2016
119779,0.21,2016
138647,-0.13,2016
134989,0.32,2016
119765,0.4,2016
138948,-0.08,2016
136801,0.92,2016
139426,NP,2016
119721,-0.66,2016
119716,-0.05,2016
136731,0.24,2016
119818,NP,2016
119789,-0.17,2016
119819,NP,2016
119801,0.07,2016
119792,0.28,2016
119788,-0.03,2016
119800,0.12,2016
119785,-0.3,2016
119816,-0.28,2016
136893,0.18,2016
119824,NP,2016
134994,-0.52,2016
134996,0.23,2016
119738,-0.73,2016
119817,NP,2016
137768,0.34,2016
135003,-0.15,2016
119751,0.22,2016
139792,-0.74,2016
119743,-0.13,2016
119723,-0.35,2016
119725,-0.48,2016
119753,0.15,2016
136003,NP,2016
136072,NP,2016
131025,NP,2016
130902,NP,2016
119861,SUPP,2016
136050,NP,2016
119883,NE,2016
119895,-2.83,2016
141864,NP,2016
119877,NE,2016
119893,SUPP,2016
119849,NP,2016
135541,NP,2016
135292,NP,2016
119878,NE,2016
131479,NE,2016
119898,SUPP,2016
119887,NE,2016
129571,NP,2016
119880,-1.77,2016
119892,NE,2016
119889,SUPP,2016
138868,NP,2016
119866,SUPP,2016
132079,NP,2016
119876,-1.54,2016
136069,NP,2016
131575,NP,2016
135015,-2.18,2016
133540,NP,2016
131138,NP,2016
131163,NP,2016
135013,NE,2016
134625,-3,2016
135092,NP,2016
119845,NP,2016
135346,-1.8,2016
119897,SUPP,2016
119891,-2.04,2016
119853,NP,2016
119873,-0.81,2016
131258,-1.94,2016
119856,NP,2016
134906,-0.07,2016
135580,-0.08,2016
139924,-2.01,2016
141321,-0.5,2016
132749,NP,2016
131389,NP,2016
133541,NP,2016
119790,0.04,2016
142088,,2016
119715,0.1,2016
141165,0.18,2016
119793,0.14,2016
136900,-0.05,2016
138220,1.15,2016
141565,1.37,2016
119826,NP,2016
140879,0.25,2016
138884,NP,2016
119858,NE,2016
132051,NE,2016
141132,-0.66,2016
119732,-1.13,2016
142469,,2016
137973,-0.2,2016
140759,-0.16,2016
141257,0.08,2016
140021,-0.15,2016
139675,0.07,2016
119868,NE,2016
140143,-1.78,2016
119871,SUPP,2016
138832,-0.13,2016
140698,0.18,2016
137536,-0.11,2016
137981,0.05,2016
137409,-0.11,2016
138837,-0.37,2016
137763,-0.09,2016
137085,0.2,2016
136627,-0.04,2016
122854,-0.19,2016
138810,-0.21,2016
122867,-0.59,2016
139062,0.02,2016
138964,-0.54,2016
138076,-0.27,2016
122830,0.21,2016
136291,0.27,2016
140992,0.46,2016
139956,-0.3,2016
137628,0.32,2016
131998,NP,2016
138641,-0.46,2016
138481,-0.8,2016
122937,NP,2016
140549,-0.22,2016
137158,-0.24,2016
138411,0.09,2016
122898,0.25,2016
137159,0.1,2016
138872,-0.87,2016
122933,NP,2016
138248,0.93,2016
138247,0.43,2016
137857,-0.01,2016
137749,-0.49,2016
136361,0.36,2016
137117,-0.04,2016
138482,0.26,2016
135583,-0.46,2016
122857,-0.22,2016
137141,-0.07,2016
138365,-0.95,2016
137112,-0.19,2016
138191,0.05,2016
139063,0.31,2016
136878,0.26,2016
137319,0,2016
140812,-0.79,2016
136628,0.33,2016
122908,NP,2016
122957,NE,2016
140854,-1.49,2016
131536,NP,2016
122961,NE,2016
122953,NE,2016
122956,-2.32,2016
122949,-2.44,2016
122947,SUPP,2016
138661,-2.02,2016
134649,NP,2016
135393,NP,2016
130996,NE,2016
139603,NP,2016
122955,NE,2016
136039,NP,2016
122952,NE,2016
137798,-0.01,2016
140369,-0.33,2016
135685,-1.17,2016
134253,-0.41,2016
122828,-0.78,2016
141335,-0.84,2016
136724,0.07,2016
122912,NP,2016
131119,NP,2016
140487,NP,2016
135881,-0.43,2016
139765,-0.25,2016
141010,,2016
137184,0.31,2016
122936,NP,2016
122915,NP,2016
140984,-0.17,2016
135761,-0.23,2016
141363,-0.18,2016
139771,NP,2016
138573,-0.31,2016
138341,0.08,2016
137915,NE,2016
135573,NE,2016
122964,SUPP,2016
134889,NE,2016
122966,-1.82,2016
122962,-1.54,2016
123602,NP,2016
123599,NP,2016
123570,0.24,2016
139143,0.09,2016
139455,-0.09,2016
123564,-0.03,2016
123623,NP,2016
137336,0.07,2016
123600,NP,2016
139231,-0.34,2016
123580,-0.14,2016
140922,-0.12,2016
141451,0.12,2016
139102,-0.36,2016
123587,-0.1,2016
136979,-0.05,2016
123577,0.15,2016
123573,-0.17,2016
123604,NP,2016
142153,0.17,2016
123613,NP,2016
138216,0.06,2016
123575,-0.12,2016
143142,,2016
143401,,2016
123620,NP,2016
123608,NP,2016
141176,-0.13,2016
139464,-0.19,2016
123589,0.1,2016
139769,0.02,2016
132772,NP,2016
123619,NP,2016
131171,NP,2016
135511,NP,2016
131033,NP,2016
133478,NP,2016
135445,NP,2016
138580,NP,2016
139220,NP,2016
140531,-1.53,2016
134000,NP,2016
123630,-2.63,2016
135582,-0.23,2016
137446,-0.01,2016
123574,-0.29,2016
123597,-0.15,2016
123595,0.02,2016
133708,0.62,2016
142067,0.24,2016
135149,-0.03,2016
136516,0.36,2016
139766,-0.32,2016
139536,-0.82,2016
142285,-0.69,2016
123627,0.4,2016
123610,NP,2016
123635,NE,2016
133371,NP,2016
132122,-2.57,2016
123631,-1.73,2016
111478,NP,2016
139139,-0.11,2016
140108,0.03,2016
111474,NP,2016
136279,-0.06,2016
136655,0.01,2016
142890,,2016
138662,-0.26,2016
136278,0.03,2016
137449,0.1,2016
111442,-0.97,2016
111473,NP,2016
138002,-0.06,2016
140813,-0.64,2016
137064,0.14,2016
111419,-0.52,2016
111410,-0.41,2016
142472,,2016
111436,0.04,2016
111417,-0.29,2016
139764,0.14,2016
136340,-0.03,2016
137491,-0.07,2016
142237,-0.15,2016
139953,-0.69,2016
140791,0.12,2016
111443,-0.17,2016
140457,-3.66,2016
111499,SUPP,2016
141502,NP,2016
134725,NP,2016
111508,SUPP,2016
140176,,2016
131733,SUPP,2016
111507,NE,2016
111484,NP,2016
111424,0.36,2016
136543,0.07,2016
111396,0.13,2016
139343,0.22,2016
136645,-0.08,2016
138743,0.57,2016
111483,NP,2016
111451,0.12,2016
111471,NP,2016
111482,NP,2016
138148,0.03,2016
111440,-0.08,2016
142332,NP,2016
111485,NP,2016
138318,0.18,2016
111397,-0.05,2016
111486,NP,2016
111450,0.13,2016
138483,0.36,2016
137582,-0.07,2016
135941,-0.71,2016
111422,0.12,2016
111414,0.3,2016
111429,-0.3,2016
136184,-0.04,2016
111517,-1.76,2016
140093,-1.14,2016
111494,NE,2016
111511,NE,2016
111503,-1.34,2016
111505,-1.62,2016
131792,NP,2016
111504,-1.39,2016
142302,NE,2016
136383,-0.47,2016
112069,NP,2016
112050,-0.56,2016
112045,-0.25,2016
136596,-0.05,2016
136524,0.22,2016
112063,0.04,2016
137223,0.3,2016
140836,-0.22,2016
112065,0.07,2016
112043,0.16,2016
112067,0.06,2016
139155,0.19,2016
112061,-0.08,2016
137839,0.16,2016
136873,0.14,2016
112058,0.39,2016
136533,0.06,2016
136567,0.13,2016
136573,0.15,2016
136852,0.38,2016
112052,-0.23,2016
136614,0,2016
112054,0.36,2016
112055,0.11,2016
136572,0.52,2016
140675,0.3,2016
112071,NP,2016
138780,-0.74,2016
112082,NP,2016
136575,-0.07,2016
112039,0.32,2016
112041,-0.21,2016
112038,-0.51,2016
112077,NP,2016
112076,NP,2016
138024,0.1,2016
112086,NE,2016
112085,NE,2016
112087,NE,2016
140942,NP,2016
137478,-1.48,2016
135405,NP,2016
137251,-0.05,2016
112453,NP,2016
112375,-1.14,2016
137254,0,2016
137338,0.49,2016
141106,-0.72,2016
142306,-0.05,2016
137205,-0.02,2016
112383,-0.01,2016
140600,-0.69,2016
135940,-0.94,2016
112384,0.22,2016
136902,0,2016
136671,-0.07,2016
137107,-0.47,2016
112379,-0.22,2016
112442,NP,2016
112388,-0.29,2016
112397,-0.05,2016
112382,-0.53,2016
112399,-0.38,2016
136732,0.28,2016
136357,0.16,2016
136526,-0.2,2016
135621,0,2016
135620,-0.08,2016
112398,-0.43,2016
112400,-0.24,2016
112401,-0.52,2016
112378,0.19,2016
112451,NP,2016
137269,0.18,2016
112377,-0.47,2016
137369,-0.03,2016
112393,-0.22,2016
112385,0.03,2016
141041,-0.76,2016
135632,0.08,2016
140406,-1.35,2016
137252,-0.16,2016
112446,NP,2016
141499,-0.59,2016
134781,NP,2016
132112,NP,2016
141993,SUPP,2016
112468,NE,2016
135410,NP,2016
112464,NE,2016
112452,NP,2016
135555,NP,2016
112465,SUPP,2016
112466,NE,2016
112461,NP,2016
134191,NP,2016
115810,NP,2016
136016,-0.26,2016
115723,-0.05,2016
136474,0.61,2016
115720,-0.21,2016
140011,-0.74,2016
136725,-0.05,2016
115795,NP,2016
115798,NP,2016
136960,0.4,2016
136623,-0.25,2016
137634,0.29,2016
136527,0.16,2016
137217,0.05,2016
136772,-0.23,2016
136292,0.48,2016
136578,0.16,2016
138421,-0.43,2016
115797,NP,2016
137387,0.17,2016
137097,0.01,2016
134463,NP,2016
138871,NP,2016
138496,-0.62,2016
136199,-1.12,2016
136666,0.46,2016
137033,0.33,2016
115780,NP,2016
115774,-0.46,2016
115775,-0.29,2016
137123,0.2,2016
137690,-1.05,2016
138746,-0.03,2016
136353,0.42,2016
115772,-0.1,2016
115758,0.23,2016
115787,NP,2016
136767,-0.02,2016
115794,NP,2016
136982,-0.23,2016
137298,-0.39,2016
136306,0.52,2016
136985,0.25,2016
136874,0.43,2016
137752,0.01,2016
137059,0.07,2016
115789,NP,2016
136764,-0.12,2016
115788,NP,2016
137382,-0.13,2016
115793,NP,2016
115825,-1.94,2016
131549,-1.86,2016
115821,NE,2016
138881,NP,2016
115812,-1.92,2016
115802,NP,2016
138428,-1.9,2016
134190,SUPP,2016
115809,NP,2016
131557,NE,2016
115824,SUPP,2016
138429,SUPP,2016
115813,SUPP,2016
115823,NE,2016
117600,NP,2016
117512,-0.23,2016
117602,NP,2016
117578,0.02,2016
117552,-0.13,2016
117515,-0.44,2016
117518,-0.4,2016
138286,0.38,2016
117604,NP,2016
137637,-0.16,2016
137757,0.31,2016
117605,NP,2016
117577,0.19,2016
136396,0.33,2016
135938,-0.07,2016
137872,0.02,2016
117528,-0.6,2016
117591,-0.08,2016
137090,0.47,2016
117596,-0.38,2016
139902,-1.42,2016
138225,-2.16,2016
136554,0.47,2016
117623,NP,2016
139416,-0.76,2016
117504,0.47,2016
135876,-0.09,2016
137002,0.53,2016
137532,-0.09,2016
117648,NP,2016
117649,NP,2016
117607,NP,2016
142051,-0.29,2016
117500,-0.14,2016
140786,0.69,2016
138747,0.01,2016
117537,0.18,2016
139154,0.27,2016
137288,0.6,2016
136482,0.23,2016
117657,NP,2016
117557,0.08,2016
137895,0.08,2016
136607,-0.08,2016
139036,-0.01,2016
117650,NP,2016
136608,0.16,2016
137156,-0.05,2016
137110,-0.28,2016
138106,0.36,2016
138042,-0.11,2016
117534,0.32,2016
117616,NP,2016
137656,-0.11,2016
138632,-0.07,2016
137224,-0.23,2016
137938,0.18,2016
117530,-0.06,2016
137792,-0.28,2016
136899,0.2,2016
137985,0.32,2016
117614,NP,2016
117499,0.16,2016
102256,NP,2016
136877,0.07,2016
117609,NP,2016
139662,,2016
139835,NP,2016
139873,0.07,2016
136606,-0.06,2016
136973,0.13,2016
117641,NP,2016
117631,NP,2016
137339,0.61,2016
117617,NP,2016
134087,NP,2016
117647,NP,2016
117612,NP,2016
136901,0.54,2016
117638,NP,2016
117633,NP,2016
117613,NP,2016
138356,0.43,2016
137914,0.19,2016
117606,NP,2016
117594,0.26,2016
138360,0.01,2016
137922,0,2016
138582,0.66,2016
136609,0.58,2016
138484,-0.02,2016
143131,,2016
117538,-0.01,2016
117622,NP,2016
140294,0.62,2016
117525,-0.42,2016
137270,0.25,2016
137847,-0.11,2016
117640,NP,2016
140037,-0.44,2016
117555,0.32,2016
117618,NP,2016
138352,-0.03,2016
137038,0.28,2016
136276,0.47,2016
136289,0.47,2016
141004,-0.96,2016
140049,0.01,2016
136922,0.46,2016
117684,NE,2016
117674,-2.57,2016
131060,-2.32,2016
117681,NE,2016
117672,-1.46,2016
117686,-1.03,2016
117667,-1.68,2016
117690,SUPP,2016
142257,-1.56,2016
117685,-0.12,2016
138485,-1.58,2016
117680,NE,2016
117679,-2.76,2016
141251,-1.75,2016
117646,NP,2016
117665,-1.53,2016
117671,NE,2016
117669,-1.81,2016
117683,NE,2016
117682,SUPP,2016
136012,-0.17,2016
135552,0.06,2016
140845,-0.14,2016
140691,,2016
140948,-0.71,2016
136010,-0.39,2016
118225,NP,2016
136753,-0.4,2016
118223,NP,2016
136751,-0.54,2016
118226,-2.3,2016
118227,-1.77,2016
141581,-0.29,2016
141166,-0.01,2016
120653,0.21,2016
139180,-0.15,2016
139140,0.17,2016
137572,0.31,2016
137793,0.41,2016
136358,0.44,2016
139264,NP,2016
136350,0.22,2016
136958,-0.12,2016
137213,0.39,2016
136479,0.12,2016
120654,-0.42,2016
139055,-0.03,2016
136491,0.36,2016
137873,-0.63,2016
141490,NP,2016
135666,-1.05,2016
136282,-0.24,2016
138754,-0.49,2016
136968,0.05,2016
138638,0.42,2016
137667,0.45,2016
138783,-0.2,2016
142262,0.28,2016
137166,0.35,2016
120729,NP,2016
136537,-0.37,2016
137447,-0.52,2016
120724,NP,2016
140950,-0.27,2016
120713,-0.59,2016
136871,-0.42,2016
120645,-0.17,2016
135565,-0.03,2016
135564,-0.43,2016
136194,0.49,2016
135563,0.31,2016
136315,0.4,2016
138665,0.01,2016
120655,0.01,2016
120744,NP,2016
136044,0.06,2016
139623,-0.17,2016
139168,-0.44,2016
137135,-0.07,2016
138839,0.16,2016
136217,-0.74,2016
138757,-0.03,2016
142392,,2016
139304,-0.1,2016
120642,0.24,2016
120736,NP,2016
120735,NP,2016
137600,0.32,2016
138755,-0.28,2016
141391,-0.81,2016
137282,0.41,2016
136624,0.27,2016
136476,-0.81,2016
136415,0.27,2016
138756,-0.54,2016
142136,-2.06,2016
141253,-1.87,2016
139625,SUPP,2016
120752,SUPP,2016
141254,SUPP,2016
142308,NE,2016
120740,NP,2016
134228,-2.14,2016
120754,-1.97,2016
131277,-2.19,2016
139316,-2.91,2016
120750,-1.87,2016
142309,SUPP,2016
120755,NE,2016
120763,SUPP,2016
138758,-0.05,2016
121170,-0.1,2016
121250,NP,2016
121188,-0.34,2016
140534,0.04,2016
121164,0.22,2016
121159,0.11,2016
141331,0.16,2016
135904,-0.51,2016
141269,0.22,2016
140364,0.37,2016
137431,0.25,2016
121182,0.19,2016
137092,0.38,2016
139204,-0.47,2016
139572,0.11,2016
138759,-0.16,2016
134455,NP,2016
121163,0.12,2016
121219,0.02,2016
121222,NP,2016
138039,0.1,2016
140188,0.68,2016
121227,NP,2016
142059,-0.55,2016
139311,0.16,2016
139058,0.01,2016
134440,NP,2016
140815,,2016
141177,0.01,2016
136202,-0.49,2016
121224,NP,2016
121168,0.27,2016
121160,-0.41,2016
137541,0,2016
121212,0.3,2016
142396,,2016
138918,0.1,2016
121154,-0.22,2016
141268,-0.05,2016
121241,NP,2016
121242,NP,2016
137913,0.33,2016
121169,-0.17,2016
135650,-0.18,2016
136187,-0.1,2016
136186,0.1,2016
135250,NP,2016
138829,0.41,2016
121230,NP,2016
140557,0.32,2016
142058,-0.23,2016
137621,0.39,2016
121157,-0.47,2016
136515,0.06,2016
121162,-0.15,2016
141395,0.07,2016
139487,0.07,2016
136204,0.01,2016
121245,NP,2016
121180,0.2,2016
142883,,2016
141086,-0.27,2016
137949,-0.2,2016
136481,0.53,2016
137461,-0.14,2016
135066,NP,2016
134978,NP,2016
121260,SUPP,2016
135119,-1.57,2016
121261,NE,2016
138779,NP,2016
139099,SUPP,2016
141861,NP,2016
121256,-1.78,2016
135859,NP,2016
121257,NE,2016
121264,NE,2016
141953,NP,2016
121265,SUPP,2016
121229,NP,2016
121262,NE,2016
121252,NP,2016
121246,NP,2016
121258,SUPP,2016
121254,-1.89,2016
138138,NP,2016
138858,-0.29,2016
137086,0.23,2016
122149,NP,2016
135317,0.25,2016
137087,-0.15,2016
137089,0.04,2016
137878,-0.1,2016
135306,-0.24,2016
138254,,2016
139373,-0.73,2016
138073,-0.28,2016
138214,0.03,2016
139100,-0.2,2016
139988,-0.11,2016
136489,0.07,2016
138030,-0.43,2016
135966,-0.31,2016
135967,-0.6,2016
138932,0.26,2016
139957,-0.43,2016
122066,-0.34,2016
139060,-0.41,2016
139158,0.06,2016
136201,0.01,2016
137613,-0.31,2016
137049,-0.25,2016
137614,-0.21,2016
134814,0.37,2016
122144,NP,2016
142485,,2016
136299,0.27,2016
140510,-0.07,2016
122129,NP,2016
122150,NP,2016
138235,-0.11,2016
122151,NP,2016
142063,0.02,2016
122137,NP,2016
139013,-0.82,2016
135785,NP,2016
122143,NP,2016
139690,-0.53,2016
137912,0.38,2016
136976,0.27,2016
136488,0.3,2016
122100,-0.09,2016
139819,0.2,2016
122131,NP,2016
136948,-0.53,2016
122059,0.06,2016
142869,,2016
139961,-0.35,2016
133515,NP,2016
140436,-1.42,2016
131802,NP,2016
122136,NP,2016
142783,,2016
140277,-1.71,2016
122162,-1.9,2016
141726,NE,2016
141791,-2.29,2016
138634,-2.33,2016
137354,-1.65,2016
136227,NP,2016
135754,NP,2016
122148,NP,2016
122158,NE,2016
122355,-0.55,2016
122374,0.01,2016
135619,0.46,2016
122360,-0.41,2016
137598,-0.71,2016
140002,-0.46,2016
137457,-0.04,2016
122362,-0.07,2016
122328,-0.33,2016
122363,-0.2,2016
137746,0.02,2016
122376,NP,2016
135886,-0.46,2016
122358,0.06,2016
122351,0.17,2016
122356,0.31,2016
141814,-0.13,2016
132771,-2.91,2016
122384,SUPP,2016
122382,-1.73,2016
122389,-2.32,2016
122383,SUPP,2016
137385,NP,2016
122385,SUPP,2016
122386,NE,2016
132855,NP,2016
122390,-1.1,2016
138363,NP,2016
123312,NP,2016
134166,NP,2016
138499,0.18,2016
137919,0.19,2016
135236,NP,2016
142024,-0.33,2016
142863,,2016
141146,0.19,2016
123275,NP,2016
138289,0.13,2016
139997,NP,2016
123236,-0.18,2016
139146,-0.25,2016
137970,0.49,2016
123245,-0.4,2016
137936,-0.1,2016
123283,NP,2016
141069,0.03,2016
123303,NP,2016
138490,0.38,2016
123318,NP,2016
138269,,2016
137993,0.19,2016
123257,-0.2,2016
137921,0.4,2016
138897,-0.27,2016
123290,NP,2016
138210,-0.03,2016
139998,,2016
123244,-0.03,2016
138119,NP,2016
140580,-0.31,2016
137140,0,2016
123277,NP,2016
138602,NP,2016
123315,NP,2016
137976,0.36,2016
123255,-0.29,2016
138667,0.15,2016
123311,NP,2016
138817,0,2016
142104,0.13,2016
135365,-0.11,2016
123282,NP,2016
123298,NP,2016
135675,0.8,2016
123310,NP,2016
132048,NP,2016
136261,0.26,2016
139779,NP,2016
123300,NP,2016
123295,NP,2016
138762,-0.14,2016
133430,NP,2016
123292,NP,2016
139528,-0.29,2016
123313,NP,2016
123285,NP,2016
123278,NP,2016
140886,-0.1,2016
123274,NP,2016
141111,,2016
137357,0.22,2016
142218,0.1,2016
140875,-0.14,2016
123238,-0.17,2016
123294,NP,2016
123341,SUPP,2016
123344,SUPP,2016
123345,SUPP,2016
137334,NP,2016
140217,SUPP,2016
139322,NE,2016
123332,NE,2016
123326,NP,2016
139312,NE,2016
123333,NE,2016
139079,SUPP,2016
141208,NP,2016
123339,SUPP,2016
123346,SUPP,2016
123334,NE,2016
123331,-1.81,2016
123329,-1.03,2016
136839,0.12,2016
136851,0.2,2016
137285,-0.01,2016
138375,0.51,2016
123904,NP,2016
139655,0.3,2016
137193,-0.25,2016
136916,0.48,2016
123937,NP,2016
123881,-0.17,2016
140416,-0.01,2016
136913,0.27,2016
123910,NP,2016
123862,-0.03,2016
136917,0.14,2016
123883,0.49,2016
136295,0.57,2016
136294,0.08,2016
123879,-0.65,2016
123869,-0.25,2016
123905,NP,2016
123912,NP,2016
136783,0.5,2016
136639,0,2016
123911,NP,2016
123917,NP,2016
136894,-0.43,2016
123913,NP,2016
123878,-0.42,2016
137202,0.15,2016
137313,0.6,2016
137080,-0.12,2016
138383,,2016
136193,-0.29,2016
123914,NP,2016
123893,-0.06,2016
123930,NP,2016
123916,NP,2016
136791,0.06,2016
137203,-0.32,2016
137192,-0.21,2016
134909,NP,2016
123945,SUPP,2016
140567,NP,2016
131455,NP,2016
123946,SUPP,2016
123938,-1.72,2016
123940,-1.39,2016
123944,SUPP,2016
135735,NP,2016
123933,NP,2016
142118,SUPP,2016
131016,NP,2016
131975,NP,2016
135673,NP,2016
123943,SUPP,2016
123929,NP,2016
123939,-2.66,2016
133527,NP,2016
133522,NP,2016
135278,NP,2016
141236,0.01,2016
135765,NP,2016
138274,-0.37,2016
142759,,2016
124851,-0.3,2016
136998,0.16,2016
136990,0.31,2016
138162,-0.26,2016
138373,-0.26,2016
124846,0.19,2016
136827,0.29,2016
124886,NP,2016
136416,0.39,2016
137218,0.08,2016
137134,0.26,2016
136834,0.42,2016
137321,-0.37,2016
124899,NP,2016
124892,NP,2016
134480,NP,2016
124884,NP,2016
136918,0,2016
136271,0.23,2016
137208,0.25,2016
138250,-0.02,2016
136453,-0.04,2016
124888,NP,2016
124881,NP,2016
140047,,2016
136969,-0.13,2016
124856,-0.09,2016
139867,-0.14,2016
140669,0.06,2016
124840,0.38,2016
139403,-0.67,2016
137674,-0.2,2016
138506,0.09,2016
136438,-0.17,2016
124889,NP,2016
137849,-0.28,2016
124861,0.58,2016
124868,NP,2016
124883,NP,2016
136322,0.54,2016
138273,-0.19,2016
137055,0.32,2016
124865,NP,2016
140032,-0.2,2016
136757,0.19,2016
124818,-0.4,2016
124853,-0.07,2016
137901,0.35,2016
124870,NP,2016
140969,,2016
141639,0.36,2016
136782,0.23,2016
124802,0.01,2016
139288,-0.37,2016
124887,NP,2016
130854,NP,2016
137459,-1.43,2016
124879,NP,2016
124909,NE,2016
135252,NP,2016
124890,NP,2016
139732,SUPP,2016
130855,NP,2016
124903,NE,2016
127003,NP,2016
137433,-1.47,2016
124902,NE,2016
141407,NE,2016
137838,SUPP,2016
124905,NE,2016
125315,0.63,2016
125271,0.02,2016
125264,-0.01,2016
137735,0,2016
125266,-0.24,2016
138491,0.18,2016
137906,-0.05,2016
125388,NP,2016
125249,-0.02,2016
125427,NP,2016
125340,NP,2016
134120,-0.16,2016
125349,NP,2016
125334,NP,2016
138226,,2016
136828,0.16,2016
125323,NP,2016
125308,0.17,2016
125336,NP,2016
125356,NP,2016
137595,0.25,2016
125332,NP,2016
140650,-0.22,2016
125380,NP,2016
139486,-0.1,2016
134562,NP,2016
125338,NP,2016
137003,-0.08,2016
136906,0.26,2016
125259,0.36,2016
136534,0.17,2016
139151,0.69,2016
125318,NP,2016
139193,0.4,2016
125342,NP,2016
125411,NP,2016
142314,0.26,2016
137855,0.31,2016
142009,,2016
136833,-0.04,2016
125442,NP,2016
139948,0.3,2016
125365,NP,2016
141200,-0.29,2016
132268,0.08,2016
125387,NP,2016
137116,0.16,2016
125352,NP,2016
138765,0.09,2016
125385,NP,2016
125375,NP,2016
125273,-0.15,2016
142315,-0.02,2016
125322,NP,2016
125281,0.26,2016
125321,NP,2016
125422,NP,2016
125257,0.17,2016
137019,0.09,2016
137736,0.42,2016
125279,0.09,2016
125424,NP,2016
125348,NP,2016
137137,-0.56,2016
125275,1.08,2016
125278,0.58,2016
125320,NP,2016
125361,NP,2016
100528,NP,2016
125302,0.69,2016
125353,NP,2016
125311,0.73,2016
125276,0.59,2016
125402,NP,2016
125312,0.34,2016
125425,NP,2016
136529,0.17,2016
137237,0.32,2016
125252,0.05,2016
136832,0.26,2016
140117,0.13,2016
125345,NP,2016
138928,-0.05,2016
125268,-0.01,2016
136531,0.39,2016
125314,-0.1,2016
139993,0.47,2016
125369,NP,2016
137314,0.19,2016
125428,NP,2016
125476,-1.97,2016
141147,-1.75,2016
134902,SUPP,2016
125470,NE,2016
133477,NP,2016
125477,NE,2016
125452,NE,2016
125482,-1.77,2016
131976,NP,2016
135577,NP,2016
125436,NP,2016
125459,-0.22,2016
125475,NE,2016
125454,0.13,2016
125403,NP,2016
142328,NP,2016
135407,NP,2016
125461,-1.68,2016
125480,-1.68,2016
141533,SUPP,2016
125474,SUPP,2016
125455,-0.89,2016
125456,SUPP,2016
125457,-1.77,2016
125453,SUPP,2016
125464,-2.56,2016
134833,NP,2016
125458,-0.9,2016
135419,NP,2016
125468,NE,2016
125463,NE,2016
138766,-3.31,2016
125481,-1.77,2016
125469,SUPP,2016
137172,0.04,2016
136622,0.2,2016
125774,NP,2016
137781,0.34,2016
136587,0.11,2016
125764,-0.12,2016
137770,0.07,2016
137691,-0.41,2016
137766,0.37,2016
136986,-0.19,2016
137771,0.37,2016
134464,NP,2016
137079,-0.21,2016
140371,-0.52,2016
138644,-0.49,2016
136991,0.04,2016
137767,0.43,2016
125747,0.32,2016
125734,0.16,2016
137302,0.33,2016
125788,NP,2016
141744,0.09,2016
125775,NP,2016
141277,0.37,2016
139667,-1.79,2016
136907,0.16,2016
139936,-0.25,2016
125748,0.12,2016
136510,NP,2016
136158,-0.82,2016
136459,0.2,2016
125787,NP,2016
139937,0.08,2016
142881,,2016
136595,0.28,2016
125777,NP,2016
125755,0.05,2016
141836,0.09,2016
138767,0.45,2016
125738,0.54,2016
137235,0.5,2016
137236,-0.12,2016
136786,0.09,2016
125756,-0.12,2016
125781,NP,2016
141008,NP,2016
125790,NP,2016
125801,-1.86,2016
125794,-0.74,2016
139419,NP,2016
139469,NE,2016
125795,-3.1,2016
122155,SUPP,2016
125806,-1.78,2016
139919,NP,2016
137597,NP,2016
134614,NP,2016
132202,-1.59,2016
131521,-1.7,2016
137096,-0.03,2016
126081,-0.45,2016
126133,NP,2016
140472,0.34,2016
140424,,2016
126069,-0.35,2016
142089,,2016
126134,NP,2016
126096,0.13,2016
139668,,2016
140106,-0.19,2016
140105,0.15,2016
126107,NP,2016
126093,0.15,2016
126087,0.33,2016
140713,0.29,2016
126126,NP,2016
126080,0.28,2016
126065,0.12,2016
141038,,2016
137263,0.29,2016
126098,0.07,2016
126136,NP,2016
126071,0.15,2016
126088,0.1,2016
126108,NP,2016
126125,NP,2016
135745,-0.45,2016
135760,-0.27,2016
126066,0.65,2016
126084,-0.02,2016
126085,0.04,2016
134042,0.34,2016
140199,-0.19,2016
126115,NP,2016
137782,-0.19,2016
126089,0.34,2016
126094,-0.17,2016
126101,0.24,2016
126102,0.39,2016
126095,0.22,2016
126110,NP,2016
135962,0.3,2016
126112,NP,2016
135744,-0.04,2016
126119,NP,2016
126092,0.26,2016
126064,0.54,2016
138620,-0.42,2016
126124,NP,2016
137416,0.13,2016
126068,0.55,2016
126137,NP,2016
139109,0.27,2016
132069,NP,2016
126170,-1.82,2016
126149,NP,2016
126139,NP,2016
126163,SUPP,2016
131139,NP,2016
135814,SUPP,2016
126156,-1.43,2016
135930,NP,2016
126157,-1.63,2016
126154,SUPP,2016
136045,NP,2016
135111,NP,2016
126161,-1.52,2016
126141,NP,2016
135456,NP,2016
126160,NE,2016
126155,-1.84,2016
135691,NP,2016
135180,NP,2016
136114,-1.6,2016
